molecule_chembl_id,bioactivity_class,pIC50,canonical_smiles,molecular_weight,n_hba,n_hbd,logp,ro5_fulfilled
CHEMBL199341,Active,7.301029995663981,C=C(C(=O)O)C(CCCCCC)C(=O)O,214.120509056,2,2,2.2984,True
CHEMBL3649992,Active,8.154901959985743,C=C(C)c1nc2cc(-c3noc(=O)[nH]3)nc(-c3cncc(Cl)c3)c2n1C[C@H]1CC[C@H](C)CC1,464.17275172000006,7,1,5.349400000000004,True
CHEMBL3649990,Active,8.698970004336019,C=C(CCC)c1nc2cc(-c3noc(=O)[nH]3)nc(-c3cncc(Cl)c3)c2n1C[C@H]1CC[C@H](C)CC1,492.20405184800006,7,1,6.129600000000005,True
CHEMBL3675226,Inactive,6.167491087293763,C=C(CO)COC1(c2ccc(Cl)cc2)c2ccccc2C(=O)N1Cc1ccc([N+](=O)[O-])cc1,464.113899452,5,1,4.670400000000003,True
CHEMBL2347387,Inactive,5.853871964321762,C=CC[C@@H]1O[C@@H](c2cccc(Cl)c2)[C@@H](c2ccc(Cl)cc2)N(CC2CC2)C1=O,415.11058433600004,2,0,5.989300000000005,True
CHEMBL3687250,Active,8.90326373953753,C=CCn1nc2c(c1C(C)C)C(c1ccc(Cl)cc1C)N(c1cc(Cl)ccc1C)C2=O,453.13746778,3,0,6.8659400000000055,True
CHEMBL3693983,Active,7.772113295386326,CC(=O)N1CC(NC(=O)[C@@H]2NC3(CCCCC3)[C@@]3(C(=O)Nc4cc(Cl)ccc43)[C@H]2c2cccc(Cl)c2F)C1,558.160074368,4,3,4.127800000000003,True
CHEMBL3907671,Active,8.221848749616356,CC(=O)N1CCN(c2nc3cc(-c4nc(=O)o[nH]4)nc(-c4cncc(Cl)c4)c3n2C[C@H]2CC[C@H](C)CC2)[C@@H](C)C1,564.236414596,9,1,4.373300000000004,True
CHEMBL3972127,Active,8.397940008672037,CC(=O)N1CCN(c2nc3cc(-c4nc(=O)o[nH]4)nc(-c4cncc(Cl)c4)c3n2C[C@H]2CC[C@H](C)CC2)[C@H]2CCC[C@@H]21,590.25206466,9,1,4.905900000000004,True
CHEMBL3649943,Active,7.086186147616283,CC(=O)N1CCN(c2nc3cc(-c4noc(=O)[nH]4)nc(-c4cncc(Cl)c4)c3n2C[C@H]2CC[C@H](C)CC2)C(C)C1C,578.25206466,9,1,4.7618000000000045,True
CHEMBL3649947,Active,8.397940008672037,CC(=O)N1CCN(c2nc3cc(-c4noc(=O)[nH]4)nc(-c4cncc(Cl)c4)c3n2C[C@H]2CC[C@H](C)CC2)[C@@H]2CCC[C@H]21,590.25206466,9,1,4.905900000000004,True
CHEMBL3649930,Active,8.221848749616356,CC(=O)N1CCN(c2nc3cc(-c4noc(=O)[nH]4)nc(-c4cncc(Cl)c4)c3n2C[C@H]2CC[C@H](C)CC2)[C@H](C)C1,564.236414596,9,1,4.373300000000004,True
CHEMBL3654191,Active,9.0,CC(=O)N1C[C@@H](C)N(c2nc3cc(-c4noc(=O)[nH]4)nc(-c4cncc(Cl)c4)c3n2C[C@H]2CC[C@H](C)CC2)[C@H](C)C1,578.25206466,9,1,4.7618000000000045,True
CHEMBL3291434,Inactive,6.091514981121351,CC(=O)c1ccc(-c2c(C)[nH]c(-c3ccccc3)c2-c2ccccc2)nc1C,366.173213324,2,1,6.230140000000005,True
CHEMBL1688161,Inactive,4.053056729302175,CC(=O)c1ccc(CN2C(=O)c3ccccc3C2(O)c2ccc(Cl)cc2)cc1,391.097521116,3,1,4.392000000000004,True
CHEMBL1688293,Inactive,4.769551078621726,CC(=O)c1ccc(CN2C(=O)c3ccccc3C2(OCC2(CO)CC2)c2ccc(Cl)cc2)cc1,475.15503599199997,4,1,5.188800000000005,True
CHEMBL3920895,Inactive,6.913640169325252,CC(C)(C)C[C@@H]1N[C@@H](C(=O)NC2CCC(O)CC2)[C@H](c2cccc(Cl)c2F)[C@]12C(=O)Nc1cc(F)c(F)cc12,563.216254256,4,4,4.927300000000003,True
CHEMBL3932760,Inactive,6.669011606479628,CC(C)(C)C[C@@H]1N[C@@H](C(=O)NC2CCC(O)CC2)[C@H](c2cccc(F)c2F)[C@]12C(=O)Nc1cc(Cl)ccc12,545.225676068,4,4,4.7882000000000025,True
CHEMBL2398477,Active,7.787812395596042,CC(C)(C)C[C@@H]1N[C@@H](C(=O)NCC(C)(C)O)[C@H](c2cccc(Cl)c2F)[C@]12C(=O)Nc1cc(Cl)ccc12,535.180475464,4,4,4.769900000000003,True
CHEMBL2347375,Active,7.813891620186794,CC(C)(C)C[C@@H]1N[C@@H](C(=O)NCCN2CCOCC2)[C@H](c2cccc(Cl)c2F)[C@]12C(=O)Nc1cc(Cl)ccc12,576.2070245599999,5,3,4.3312000000000035,True
CHEMBL2402573,Inactive,6.989276134608227,CC(C)(C)C[C@@H]1N[C@@H](C(=O)NCC[C@H](O)CO)[C@H](c2cccc(Cl)c2)[C@@]1(C#N)c1ccc(Cl)cc1,517.189897276,5,4,4.174680000000003,True
CHEMBL3665578,Inactive,6.982966660701219,CC(C)(C)C[C@@H]1N[C@@H](C(=O)NCC[C@H](O)CO)[C@H](c2cccc(Cl)c2)[C@]12C(=O)Nc1cc(Cl)c(F)cc12,551.175390084,5,5,3.742300000000002,True
CHEMBL2402574,Active,7.130768280269024,CC(C)(C)C[C@@H]1N[C@@H](C(=O)NCC[C@H](O)CO)[C@H](c2cccc(Cl)c2F)[C@@]1(C#N)c1ccc(Cl)cc1F,553.171053652,5,4,4.452880000000004,True
CHEMBL2398472,Active,8.008773924307505,CC(C)(C)C[C@@H]1N[C@@H](C(=O)NCC[C@H](O)CO)[C@H](c2cccc(Cl)c2F)[C@]12C(=O)Nc1cc(Cl)ccc12,551.175390084,5,5,3.742300000000002,True
CHEMBL2398475,Active,8.05551732784983,CC(C)(C)C[C@@H]1N[C@@H](C(=O)N[C@H]2CC[C@@H](O)C2)[C@H](c2cccc(Cl)c2F)[C@]12C(=O)Nc1cc(Cl)ccc12,547.180475464,4,4,4.912400000000003,True
CHEMBL2398476,Active,8.075720713938118,CC(C)(C)C[C@@H]1N[C@@H](C(=O)N[C@H]2CC[C@H](O)C2)[C@H](c2cccc(Cl)c2F)[C@]12C(=O)Nc1cc(Cl)ccc12,547.180475464,4,4,4.912400000000003,True
CHEMBL2398474,Active,8.086186147616283,CC(C)(C)C[C@@H]1N[C@@H](C(=O)N[C@H]2C[C@@H](O)C2)[C@H](c2cccc(Cl)c2F)[C@]12C(=O)Nc1cc(Cl)ccc12,533.1648254,4,4,4.522300000000002,True
CHEMBL3665607,Inactive,6.798602875679548,CC(C)(C)C[C@@H]1N[C@@H](C(=O)N[C@H]2C[C@@](C)(O)C2)[C@H](c2cc(Cl)ccc2F)[C@]12C(=O)Nc1cc(Cl)ccc12,547.180475464,4,4,4.912400000000003,True
CHEMBL3665601,Active,7.920818753952375,CC(C)(C)C[C@@H]1N[C@@H](C(=O)N[C@H]2C[C@@](C)(O)C2)[C@H](c2cc(F)cc(Cl)c2)[C@]12C(=O)Nc1cc(Cl)ccc12,547.180475464,4,4,4.912400000000003,True
CHEMBL3665597,Inactive,6.735575737943453,CC(C)(C)C[C@@H]1N[C@@H](C(=O)N[C@H]2C[C@@](C)(O)C2)[C@H](c2cccc(Cl)c2)[C@]12C(=O)Nc1cc(Cl)c(F)cc12,547.180475464,4,4,4.912400000000003,True
CHEMBL3665596,Active,7.15228342240682,CC(C)(C)C[C@@H]1N[C@@H](C(=O)N[C@H]2C[C@@](C)(O)C2)[C@H](c2cccc(Cl)c2)[C@]12C(=O)Nc1cc(Cl)ccc12,529.189897276,4,4,4.773300000000003,True
CHEMBL2396674,Active,8.193820026016112,CC(C)(C)C[C@@H]1N[C@@H](C(=O)N[C@H]2C[C@@](C)(O)C2)[C@H](c2cccc(Cl)c2F)[C@]12C(=O)Nc1cc(Cl)ccc12,547.180475464,4,4,4.912400000000003,True
CHEMBL3665594,Inactive,6.976240130869207,CC(C)(C)C[C@@H]1N[C@@H](C(=O)N[C@H]2C[C@@](C)(O)C2)[C@H](c2cccc(Cl)c2F)[C@]12C(=O)Nc1cc(F)c(F)cc12,549.2006041919999,4,4,4.537200000000003,True
CHEMBL3665599,Inactive,6.790484985457369,CC(C)(C)C[C@@H]1N[C@@H](C(=O)N[C@H]2C[C@@](C)(O)C2)[C@H](c2cccc(F)c2F)[C@]12C(=O)Nc1c2ccc(Cl)c1F,549.2006041919999,4,4,4.537200000000003,True
CHEMBL3665593,Active,7.017713687552715,CC(C)(C)C[C@@H]1N[C@@H](C(=O)N[C@H]2C[C@@](C)(O)C2)[C@H](c2cccc(F)c2F)[C@]12C(=O)Nc1cc(Cl)ccc12,531.210026004,4,4,4.398100000000002,True
CHEMBL2398479,Active,8.119186407719209,CC(C)(C)C[C@@H]1N[C@@H](C(=O)N[C@H]2C[C@H](NS(C)(=O)=O)C2)[C@H](c2cccc(Cl)c2F)[C@]12C(=O)Nc1cc(Cl)ccc12,610.158360116,5,4,4.079200000000003,True
CHEMBL2398473,Active,8.148741651280925,CC(C)(C)C[C@@H]1N[C@@H](C(=O)N[C@H]2C[C@H](O)C2)[C@H](c2cccc(Cl)c2F)[C@]12C(=O)Nc1cc(Cl)ccc12,533.1648254,4,4,4.522300000000002,True
CHEMBL2398478,Active,7.954677021213342,CC(C)(C)C[C@@H]1N[C@@H](C(=O)N[C@H]2C[C@](C)(O)C2)[C@H](c2cccc(Cl)c2F)[C@]12C(=O)Nc1cc(Cl)ccc12,547.180475464,4,4,4.912400000000003,True
CHEMBL3951933,Inactive,6.772113295386326,CC(C)(C)C[C@H]1N[C@@H](C(=O)NC2CCC(O)CC2)[C@H](c2cccc(Cl)c2F)[C@@]12C(=O)Nc1cc(F)c(F)cc12,563.216254256,4,4,4.927300000000003,True
CHEMBL3924221,Inactive,6.458420756053419,CC(C)(C)C[C@H]1N[C@@H](C(=O)NC2CCC(O)CC2)[C@H](c2cccc(Cl)c2F)[C@@]12C(=O)Nc1cc(F)ccc12,545.225676068,4,4,4.7882000000000025,True
CHEMBL3929636,Inactive,6.756961951313706,CC(C)(C)C[C@H]1N[C@@H](C(=O)NC2CCC(O)CC2)[C@H](c2cccc(F)c2F)[C@@]12C(=O)Nc1cc(Cl)ccc12,545.225676068,4,4,4.7882000000000025,True
CHEMBL379173,Active,7.548213564475709,CC(C)(C)C[C@H]1N[C@@H](C(=O)NCCN2CCOCC2)[C@H](c2cccc(Cl)c2F)[C@@]12C(=O)Nc1cc(Cl)ccc12,576.2070245599999,5,3,4.3312000000000035,True
CHEMBL576342,Inactive,6.804100347590766,CC(C)(C)C[C@H]1N[C@@H](C(=O)NCC[C@@H](O)CO)[C@H](c2cccc(Cl)c2)[C@@]12C(=O)Nc1cc(Cl)c(F)cc12,551.175390084,5,5,3.742300000000002,True
CHEMBL572933,Inactive,6.889859405027128,CC(C)(C)C[C@H]1N[C@@H](C(=O)NCC[C@H](O)CO)[C@H](c2cccc(Cl)c2)[C@@]12C(=O)Nc1cc(Cl)c(F)cc12,551.175390084,5,5,3.742300000000002,True
CHEMBL578238,Active,7.251811972993799,CC(C)(C)C[C@H]1N[C@@H](C(=O)NCC[C@H](O)CO)[C@H](c2cccc(Cl)c2)[C@@]12C(=O)Nc1cc(Cl)ccc12,533.184811896,5,5,3.603200000000002,True
CHEMBL578028,Active,7.785156151952302,CC(C)(C)C[C@H]1N[C@@H](C(=O)NCC[C@H](O)CO)[C@H](c2cccc(Cl)c2F)[C@@]12C(=O)Nc1cc(Cl)ccc12,551.175390084,5,5,3.742300000000002,True
CHEMBL566955,Inactive,6.723538195826756,CC(C)(C)C[C@H]1N[C@@H](C(=O)NC[C@H](O)CO)[C@H](c2cccc(Cl)c2)[C@@]12C(=O)Nc1cc(Cl)c(F)cc12,537.1597400200001,5,5,3.3522000000000016,True
CHEMBL3665586,Active,7.318758762624412,CC(C)(C)C[C@H]1N[C@@H](C(=O)N[C@H]2C[C@@](C)(O)C2)[C@H](c2cccc(Cl)c2)[C@@]12C(=O)Nc1cc(Cl)ccc12,529.189897276,4,4,4.773300000000003,True
CHEMBL3665579,Active,7.382999658879101,CC(C)(C)C[C@H]1N[C@@H](C(=O)N[C@H]2C[C@@](C)(O)C2)[C@H](c2cccc(Cl)c2F)[C@@]12C(=O)Nc1cc(Cl)ccc12,547.180475464,4,4,4.912400000000003,True
CHEMBL3665585,Inactive,5.516962158426834,CC(C)(C)C[C@H]1N[C@@H](C(=O)N[C@H]2C[C@@](C)(O)C2)[C@H](c2cccc(Cl)c2F)[C@@]12C(=O)Nc1cc(F)ccc12,531.210026004,4,4,4.398100000000003,True
CHEMBL3665588,Inactive,6.39577394691553,CC(C)(C)C[C@H]1N[C@@H](C(=O)N[C@H]2C[C@@](C)(O)C2)[C@H](c2cccc(F)c2F)[C@@]12C(=O)Nc1c2ccc(Cl)c1F,549.2006041919999,4,4,4.537200000000003,True
CHEMBL3665583,Inactive,6.777283528852417,CC(C)(C)C[C@H]1N[C@@H](C(=O)N[C@H]2C[C@@](C)(O)C2)[C@H](c2cccc(F)c2F)[C@@]12C(=O)Nc1cc(Cl)ccc12,531.210026004,4,4,4.398100000000002,True
CHEMBL4566706,Inactive,6.3979400086720375,CC(C)(C)NC(=O)[C@H](c1c(C(=O)O)[nH]c2cc(Cl)ccc12)N(C=O)Cc1ccc(Cl)cc1,475.106561576,3,3,4.787300000000003,True
CHEMBL5182359,Active,8.221848749616356,CC(C)(C)Oc1cc(C(=O)CC(N)=O)ccc1C1=N[C@@H](c2ccc(C(=O)O)cc2)[C@@H](c2c[nH]c3ccc(Cl)cc23)N1C(=O)N1CCNC(=O)C1,698.2255751399999,7,4,4.851500000000003,True
CHEMBL4092607,Inactive,6.939302159646388,CC(C)(C)Oc1ccc(C[C@H](NC(=O)CC(c2ccccc2)c2ccccc2)C(=O)O)cc1,445.225308472,3,2,5.198000000000004,True
CHEMBL3691719,Inactive,6.9582126810282485,CC(C)(C)c1[nH]nc2c1C(c1ccc(Cl)cc1)N(c1cccc(Cl)c1F)C2=O,417.0810957759999,2,1,5.902900000000003,True
CHEMBL3220116,Inactive,5.958607314841775,CC(C)(C)c1cc(C=C2C(=O)NC(=S)NC2=O)c(-c2ccccc2)n1-c1ccc(Cl)cc1,463.11212562400004,4,2,5.0095000000000045,True
CHEMBL3220100,Inactive,5.721246399047171,CC(C)(C)c1ccc(-n2c(-c3ccccc3)cc(C=C3C(=O)NC(=O)NC3=O)c2-c2ccccc2)cc1,489.205241724,4,2,5.858200000000005,True
CHEMBL3675209,Inactive,6.07727454200674,CC(C)(C)c1ccc2c(c1)C(=O)N(Cc1ccc([N+](=O)[O-])cc1)C2(O)c1ccc(Cl)cc1,450.13463489599997,4,1,5.395100000000006,True
CHEMBL3675208,Inactive,4.896196279044043,CC(C)(C)c1ccc2c(c1)C(O)(c1ccc(Cl)cc1)N(Cc1ccc([N+](=O)[O-])cc1)C2=O,450.13463489599997,4,1,5.395100000000006,True
CHEMBL1688273,Inactive,6.400662867007511,CC(C)(CO)COC1(c2ccc(Cl)cc2)c2ccccc2C(=O)N1Cc1ccc([N+](=O)[O-])cc1,480.14519958,5,1,5.140400000000005,True
CHEMBL3687231,Active,8.318758762624412,CC(C)=CCn1nc2c(c1C(C)C)C(c1ccc(Cl)cc1C)N(c1cccc(Cl)c1F)C2=O,485.143696032,3,0,7.476820000000006,True
CHEMBL3649862,Active,9.0,CC(C)C1C[C@@H](O)CN1c1nc2cc(-c3noc(=O)[nH]3)nc(-c3cncc(Cl)c3)c2n1C[C@H]1CC[C@H](C)CC1,551.2411656280001,9,2,4.911900000000005,True
CHEMBL3687236,Active,7.779891911959945,CC(C)CCn1nc2c(c1C(C)C)C(c1ccc(F)c(F)c1)N(c1cccc(Cl)c1F)C2=O,475.16382476,3,0,6.873100000000005,True
CHEMBL3687235,Active,7.503070351926785,CC(C)CCn1nc2c(c1C(C)C)C(c1ccc(F)cc1)N(c1cccc(Cl)c1F)C2=O,457.173246572,3,0,6.734000000000005,True
CHEMBL5169788,Inactive,6.694648630553377,CC(C)C[C@H](NC(=O)C(=O)c1c(-c2ccccc2)[nH]c2ccccc12)C(=O)N[C@H](Cc1ccccc1)C(=O)O,525.2263710919999,4,4,4.3606000000000025,True
CHEMBL2347397,Inactive,4.85078088734462,CC(C)N[C@@H]1CC[C@H](c2ccc(Cl)cc2)[C@H](c2ccc(Cl)cc2)C1,361.13640516000004,1,1,6.411300000000005,True
CHEMBL3654185,Active,9.0,CC(C)[C@@H]1C[C@@H](O)CN1c1nc2cc(-c3noc(=O)[nH]3)nc(-c3cncc(Cl)c3)c2n1C[C@H]1CC[C@H](C)CC1,551.2411656280001,9,2,4.911900000000005,True
CHEMBL3687291,Inactive,6.966978555317089,CC(C)c1c2c(nn1-c1ccncc1)C(=O)N(c1cccc(Cl)c1F)C2c1ccc(Cl)cc1,480.09199480800004,4,0,6.586400000000005,True
CHEMBL3691716,Active,7.647817481888637,CC(C)c1c2c(nn1-c1cn[nH]c1)C(=O)N(c1cccc(Cl)c1F)C2c1ccc(Cl)cc1,469.087243776,4,1,5.914500000000005,True
CHEMBL3687288,Active,8.10790539730952,CC(C)c1c2c(nn1CCO)C(=O)N(c1cccc(Cl)c1F)C2c1ccc(Cl)c(F)c1,465.08223864800004,4,1,5.333600000000004,True
CHEMBL3687283,Active,7.87942606879415,CC(C)c1c2c(nn1CCO)C(=O)N(c1cccc(Cl)c1F)C2c1ccc(Cl)cc1Cl,481.05268810800004,4,1,5.8479000000000045,True
CHEMBL3687240,Active,7.469800301796917,CC(C)c1c2c(nn1Cc1ncc[nH]1)C(=O)N(c1cccc(Cl)c1F)C2c1ccc(Cl)cc1,483.10289384,4,1,5.973600000000005,True
CHEMBL3687241,Active,7.790484985457369,CC(C)c1c2c(nn1Cc1nnn[nH]1)C(=O)N(c1cccc(Cl)c1F)C2c1ccc(Cl)cc1,485.093391776,6,1,4.763600000000004,True
CHEMBL3654183,Active,8.397940008672037,CC(C)c1ccnc(-c2nc3cc(C(=O)O)nc(N[C@H](C)C4CCC4)c3n2C[C@H]2CC[C@H](C)CC2)c1,489.31037548800003,6,2,6.741700000000007,True
CHEMBL3657081,Active,7.763462738511306,CC(C)n1c(-c2c[nH]c(=O)[nH]c2=O)nc2c1[C@H](c1ccc(Cl)cc1)N(c1cc(Cl)cn(C)c1=O)C2=O,526.09230848,7,2,3.262900000000002,True
CHEMBL3657045,Active,8.18045606445813,CC(C)n1c(-c2ccnc(N)c2)nc2c1C(c1ccc(Cl)cc1)N(c1cccc(Cl)c1F)C2=O,495.10289384,5,1,6.303900000000003,True
CHEMBL4068667,Inactive,6.849243560139691,CC(CC(=O)N[C@@H](Cc1ccc(OCCCNc2ccccn2)cc1)C(=O)O)c1ccccc1,461.231456472,5,3,4.268300000000003,True
CHEMBL3653332,Active,7.431798275933005,CC(CS(C)(=O)=O)c1nc2cc(-c3noc(=O)[nH]3)nc(-c3cncc(Cl)c3)c2n1C[C@H]1CC[C@H](C)CC1,544.1659520880002,9,1,4.464400000000004,True
CHEMBL3957580,Active,8.070581074285707,CC([C@H]1CC[C@H](C)CC1)n1c(N2CC(=O)N(C)C[C@@H]2C)nc2cc(-c3nc(=O)o[nH]3)nc(-c3cncc(Cl)c3)c21,564.236414596,9,1,4.544200000000004,True
CHEMBL3649925,Active,8.070581074285707,CC([C@H]1CC[C@H](C)CC1)n1c(N2CC(=O)N(C)C[C@H]2C)nc2cc(-c3noc(=O)[nH]3)nc(-c3cncc(Cl)c3)c21,564.236414596,9,1,4.544200000000004,True
CHEMBL3945283,Active,8.455931955649724,CC([C@H]1CC[C@H](C)CC1)n1c(N2C[C@@H](O)C[C@@H]2C)nc2cc(-c3nc(=O)o[nH]3)nc(-c3cncc(Cl)c3)c21,537.225515564,9,2,4.836800000000005,True
CHEMBL3649929,Active,8.455931955649724,CC([C@H]1CC[C@H](C)CC1)n1c(N2C[C@H](O)C[C@H]2C)nc2cc(-c3noc(=O)[nH]3)nc(-c3cncc(Cl)c3)c21,537.225515564,9,2,4.836800000000005,True
CHEMBL3675220,Inactive,5.055517327849831,CC(c1ccc(Cl)cc1)N1C(=O)c2ccccc2C1(OCC1(CO)CC1)c1ccc(Cl)cc1,481.12114901999996,3,1,6.200600000000007,True
CHEMBL4292264,Active,8.254144804826272,CC1(C)CCC2(CC1)N[C@@H](C(=O)N[C@@H]1CC[C@@H](C(N)=O)OC1)[C@H](c1ccnc(Cl)c1F)[C@]21C(=O)Nc2cc(Cl)ccc21,617.1971881480001,6,4,3.961100000000002,True
CHEMBL3955477,Inactive,6.696803942579511,CC1(C)N[C@@H](C(=O)NC2CCC(O)CC2)[C@H](c2cccc(Cl)c2F)[C@]12C(=O)Nc1cc(Cl)ccc12,519.149175336,4,4,4.276300000000003,True
CHEMBL3355410,Inactive,6.82102305270683,CC1(C)N[C@@H](C(=O)N[C@H]2CC[C@H](O)CC2)[C@H](c2cccc(Cl)c2F)[C@]12C(=O)Nc1cc(Cl)ccc12,519.149175336,4,4,4.276300000000003,True
CHEMBL2152318,Inactive,5.568636235841013,CC1=C(C(=O)N2CCNC(=O)C2)SC2=N[C@@H](c3ccc(Cl)cc3)[C@@H](c3ccc(Cl)cc3)N21,486.06840224,5,1,4.384100000000004,True
CHEMBL4111957,Inactive,6.29073003902417,CC1CCC(Cn2c(N3CCO[C@@H]4CNCC[C@H]43)nc3cc(-c4noc(=O)[nH]4)nc(-c4cncc(Cl)c4)c32)CC1,564.236414596,10,2,3.8834000000000035,True
CHEMBL3649817,Active,7.055517327849832,CC1CN(c2nc3cc(-c4noc(=O)[nH]4)nc(-c4cncc(Cl)c4)c3n2C[C@H]2CC[C@H](C)CC2)C(C)CO1,537.225515564,9,1,4.929900000000004,True
CHEMBL3639487,Active,7.392544976785332,CC1CN(c2nc3cc(-c4noc(=O)[nH]4)nc(-c4cncc(Cl)c4)c3n2C[C@H]2CC[C@H](C)CC2)C2COCCC2O1,579.2360802480001,10,1,4.6989000000000045,True
CHEMBL3649818,Active,7.795880017344075,CC1COCCCN1c1nc2cc(-c3noc(=O)[nH]3)nc(-c3cncc(Cl)c3)c2n1C[C@H]1CC[C@H](C)CC1,537.225515564,9,1,4.931500000000004,True
CHEMBL3649859,Active,8.096910013008056,CC1CS(=O)(=O)CCN1c1nc2cc(-c3noc(=O)[nH]3)nc(-c3cncc(Cl)c3)c2n1C[C@H]1CC[C@H](C)CC1,571.1768511200002,10,1,3.939600000000003,True
CHEMBL3649845,Active,7.985759560885389,CC1OCCN(c2nc3cc(-c4noc(=O)[nH]4)nc(-c4cncc(Cl)c4)c3n2C[C@H]2CC[C@H](C)CC2)C1C,537.225515564,9,1,4.929900000000004,True
CHEMBL1369893,Inactive,4.769551078621726,CCC(=O)NC(c1cccs1)c1cc([N+](=O)[O-])c2cccnc2c1O,357.07832696,6,2,3.525700000000002,True
CHEMBL3653334,Active,8.154901959985743,CCC(CS(C)(=O)=O)c1nc2cc(-c3noc(=O)[nH]3)nc(-c3cncc(Cl)c3)c2n1C[C@H]1CC[C@H](C)CC1,558.1816021520001,9,1,4.854500000000004,True
CHEMBL3355418,Inactive,6.777283528852417,CCC1(CC)N[C@@H](C(=O)NCCN2CCOCC2)[C@H](c2cccc(Cl)c2F)[C@]12C(=O)Nc1cc(Cl)ccc12,562.191374496,5,3,4.085200000000003,True
CHEMBL3355422,Inactive,6.756961951313706,CCC1(CC)N[C@@H](C(=O)NCC[C@H](O)CO)[C@H](c2cccc(Cl)c2F)[C@]12C(=O)Nc1cc(Cl)ccc12,537.1597400200001,5,5,3.4963000000000024,True
CHEMBL3355426,Inactive,6.928117992693875,CCC1(CC)N[C@@H](C(=O)N[C@H]2C[C@@](C)(O)C2)[C@H](c2cccc(Cl)c2F)[C@]12C(=O)Nc1cc(Cl)ccc12,533.1648254,4,4,4.666400000000003,True
CHEMBL2152319,Inactive,5.7447274948966935,CCC1=C(C(=O)N2CCNC(=O)C2)SC2=N[C@@H](c3ccc(Cl)cc3)[C@@H](c3ccc(Cl)cc3)N21,500.084052304,5,1,4.774200000000004,True
CHEMBL3649885,Active,7.8750612633917,CCC1CN(C)C(=O)CN1c1nc2cc(-c3noc(=O)[nH]3)nc(-c3cncc(Cl)c3)c2n1C[C@H]1CC[C@H](C)CC1,564.236414596,9,1,4.373300000000004,True
CHEMBL3649815,Active,8.522878745280337,CCC1COCCN1c1nc2cc(-c3noc(=O)[nH]3)nc(-c3cncc(Cl)c3)c2n1C[C@H]1CC[C@H](C)CC1,537.225515564,9,1,4.931500000000004,True
CHEMBL1688136,Inactive,4.161150909262744,CCCN1C(=O)c2ccccc2C1(O)c1ccc(Cl)cc1,301.08695643199997,2,1,3.399200000000002,True
CHEMBL3675199,Inactive,4.82102305270683,CCCN1C(=O)c2ccccc2C1(O[C@H]1C=C[C@@H](O)C1)c1ccc(Cl)cc1,383.128821244,3,1,4.112900000000003,True
CHEMBL3683117,Inactive,6.372429335819457,CCCOc1cc2c(cc1OC)CC(=O)N(c1ccc(OC)cc1)C2c1ccc(Cl)cc1,451.15503599199997,4,0,5.824700000000006,True
CHEMBL3654187,Active,7.67778070526608,CCN(C)C(=O)[C@@H]1CCCN1c1nc2cc(-c3noc(=O)[nH]3)nc(-c3cncc(Cl)c3)c2n1C[C@H]1CC[C@H](C)CC1,578.25206466,9,1,4.763400000000004,True
CHEMBL3649838,Active,7.455931955649724,CCN(C)C(=O)[C@H]1CCCN1c1nc2cc(-c3noc(=O)[nH]3)nc(-c3cncc(Cl)c3)c2n1C[C@H]1CC[C@H](C)CC1,578.25206466,9,1,4.763400000000004,True
CHEMBL3649877,Active,7.958607314841775,CCN(CCOC)c1nc2cc(-c3noc(=O)[nH]3)nc(-c3cncc(Cl)c3)c2n1C[C@H]1CC[C@H](C)CC1,525.225515564,9,1,4.789000000000004,True
CHEMBL3895119,Active,8.397940008672037,CCN1C(=O)CN(c2nc3cc(-c4nc(=O)o[nH]4)nc(-c4cncc(Cl)c4)c3n2C[C@H]2CC[C@H](C)CC2)[C@H]2CCC[C@@H]21,590.25206466,9,1,4.905900000000004,True
CHEMBL3649899,Active,8.397940008672037,CCN1C(=O)CN(c2nc3cc(-c4noc(=O)[nH]4)nc(-c4cncc(Cl)c4)c3n2C[C@H]2CC[C@H](C)CC2)[C@@H]2CCC[C@H]21,590.25206466,9,1,4.905900000000004,True
CHEMBL3649935,Active,8.522878745280337,CCNC(=O)N1C[C@@H](C)N(c2nc3cc(-c4noc(=O)[nH]4)nc(-c4cncc(Cl)c4)c3n2C[C@H]2CC[C@H](C)CC2)[C@H](C)C1,607.2786137560001,9,2,4.944800000000004,True
CHEMBL3986537,Active,8.522878745280337,CCNC(=O)N1C[C@H](C)N(c2nc3cc(-c4nc(=O)o[nH]4)nc(-c4cncc(Cl)c4)c3n2C[C@H]2CC[C@H](C)CC2)[C@@H](C)C1,607.2786137560001,9,2,4.944800000000004,True
CHEMBL3649880,Active,7.089731428380933,CCNC(=O)[C@@H]1CCCN1c1nc2cc(-c3noc(=O)[nH]3)nc(-c3cncc(Cl)c3)c2n1C[C@H]1CC[C@H](C)CC1,564.236414596,9,2,4.421200000000003,True
CHEMBL3649856,Inactive,6.841637507904751,CCNC(=O)[C@H]1CCCN1c1nc2cc(-c3noc(=O)[nH]3)nc(-c3cncc(Cl)c3)c2n1C[C@H]1CC[C@H](C)CC1,564.236414596,9,2,4.421200000000003,True
CHEMBL5172740,Active,7.933674074637962,CCOC(=O)[C@@H](Cc1ccccc1)NC(=O)[C@H](CC(C)C)NC(=O)C(=O)c1c(-c2ccccc2)[nH]c2ccccc12,553.2576712199999,5,3,4.839100000000004,True
CHEMBL3819416,Active,7.933674074637962,CCOC(=O)[C@H](Cc1ccccc1)NC(=O)[C@H](CC(C)C)NC(=O)C(=O)c1c(-c2ccccc2)[nH]c2ccccc12,553.2576712199999,5,3,4.839100000000004,True
CHEMBL3291438,Inactive,6.259637310505756,CCOC(=O)c1ccc(-c2c(C)[nH]c(-c3ccccc3)c2-c2ccccc2)[nH]c1=O,398.163042564,3,2,5.189120000000004,True
CHEMBL3291436,Inactive,6.214670164989233,CCOC(=O)c1ccc(-c2c(C)[nH]c(-c3ccccc3)c2-c2ccccc2)nc1-c1ccccc1,458.19942807200005,3,1,7.5628200000000065,True
CHEMBL3291435,Inactive,6.107905397309519,CCOC(=O)c1ccc(-c2c(C)[nH]c(-c3ccccc3)c2-c2ccccc2)nc1C,396.18377800800005,3,1,6.204240000000005,True
CHEMBL3220096,Inactive,6.154901959985743,CCOC(=O)c1ccc(-n2c(-c3ccccc3)cc(C=C3C(=O)NC(=S)NC3=O)c2-c2ccccc2)cc1,521.140927216,6,2,4.902300000000003,True
CHEMBL3649961,Active,7.8696662315049934,CCOC(C)c1nc2cc(-c3noc(=O)[nH]3)nc(-c3cncc(Cl)c3)c2n1C[C@H]1CC[C@H](C)CC1,496.19896646800004,8,1,5.413800000000005,True
CHEMBL3649965,Active,7.823908740944319,CCOC(CO)c1nc2cc(-c3noc(=O)[nH]3)nc(-c3cncc(Cl)c3)c2n1C[C@H]1CC[C@H](C)CC1,512.193881088,9,2,4.386200000000003,True
CHEMBL3683115,Inactive,6.609418121449565,CCOc1cc2c(cc1O[C@H](C)CC)C(c1ccc(Cl)cc1)N(c1ccc(OC)cc1)C(=O)C2,479.18633611999996,4,0,6.603300000000007,True
CHEMBL3683129,Inactive,4.790404567999144,CC[C@@H](C)Oc1cc2c(cc1OC)CC(=O)N(c1ccc(C(=O)N3C[C@H](O)C[C@H]3C(=O)NC)cc1)C2c1ccc(Cl)cc1,605.2292635519999,6,2,4.526000000000003,True
CHEMBL3683142,Active,7.140261433802853,CC[C@@H](C)Oc1cc2c(cc1OC)CC(=O)N(c1ccc(C(C)O)cc1)C2c1ccc(Cl)cc1,479.18633611999996,4,1,6.2579000000000065,True
CHEMBL3683130,Inactive,6.386686838544541,CC[C@@H](C)Oc1cc2c(cc1OC)CC(=O)N(c1ccc(CO)cc1)C2c1ccc(Cl)cc1,465.17068605599997,4,1,5.6969000000000065,True
CHEMBL3604661,Inactive,6.935916564036404,CC[C@@H](C)Oc1cc2c(cc1OC)CC(=O)N(c1ccc(N(C)C)cc1)C2c1ccc(Cl)cc1,478.20232053200004,4,0,6.270600000000007,True
CHEMBL3683118,Inactive,6.870954940112042,CC[C@@H](C)Oc1cc2c(cc1OC)CC(=O)N(c1ccc(OC)cc1)C2c1ccc(Cl)cc1,465.17068605599997,4,0,6.213200000000006,True
CHEMBL3683112,Inactive,6.2043284940539785,CC[C@@H](C)Oc1cc2c(cc1OC)N(C)C(=O)N(c1ccc(N(C)C)cc1)C2c1ccc(Cl)cc1,493.21321956400004,4,0,6.757700000000007,True
CHEMBL3683110,Inactive,5.882894497238749,CC[C@@H](C)Oc1cc2c(cc1OC)NC(=O)N(c1ccc(N(C)C)cc1)C2c1ccc(Cl)cc1,479.19756950000004,4,1,6.733400000000006,True
CHEMBL3125708,Active,7.935542010773082,CC[C@@H](CC#N)N1C(=O)[C@@](C)(CC(=O)O)C[C@H](c2cccc(Cl)c2)[C@H]1c1ccc(Cl)cc1,472.132048052,3,1,6.223880000000006,True
CHEMBL3233121,Active,8.21824462534753,CC[C@@H](CN(C)S(=O)(=O)C1CC1)N1C(=O)[C@@H](CC(=O)O)O[C@H](c2cccc(Cl)c2)[C@H]1c1ccc(Cl)cc1,568.12016304,5,1,4.680500000000005,True
CHEMBL3125710,Active,9.154901959985745,CC[C@@H](CNS(C)(=O)=O)N1C(=O)[C@@](C)(CC(=O)O)C[C@H](c2cccc(Cl)c2)[C@H]1c1ccc(Cl)cc1,540.12524842,4,2,4.859400000000005,True
CHEMBL2347393,Inactive,6.214670164989233,CC[C@@H](CO)N1C(=O)[C@H](CC(=O)O)O[C@@H](c2cccc(Cl)c2)[C@H]1c1ccc(Cl)cc1,451.095328196,4,2,4.248800000000003,True
CHEMBL3233135,Active,7.853871964321762,CC[C@@H](CS(=O)(=O)C1COC1)N1C(=O)[C@@H](CC(=O)O)O[C@H](c2cccc(Cl)c2)[C@H]1c1ccc(Cl)cc1,555.0885285639998,6,1,4.070100000000003,True
CHEMBL3233128,Active,7.838631997765025,CC[C@@H](CS(=O)(=O)CC)N1C(=O)[C@@H](CC(=O)O)O[C@H](c2cccc(Cl)c2)[C@H]1c1ccc(Cl)cc1,527.093613944,5,1,4.691200000000004,True
CHEMBL3233134,Active,8.263603497723357,CC[C@@H](CS(=O)(=O)N(C)C)N1C(=O)[C@@H](CC(=O)O)O[C@H](c2cccc(Cl)c2)[C@H]1c1ccc(Cl)cc1,542.1045129759999,5,1,4.1479000000000035,True
CHEMBL3125706,Active,8.522878745280337,CC[C@@H](C[C@@H](C)O)N1C(=O)[C@@](C)(CC(=O)O)C[C@H](c2cccc(Cl)c2)[C@H]1c1ccc(Cl)cc1,491.163013832,3,2,6.081100000000006,True
CHEMBL3125707,Active,8.443697499232712,CC[C@@H](C[C@H](C)O)N1C(=O)[C@@](C)(CC(=O)O)C[C@H](c2cccc(Cl)c2)[C@H]1c1ccc(Cl)cc1,491.163013832,3,2,6.081100000000006,True
CHEMBL2059435,Active,8.585026652029182,CC[C@@H]([C@H](C)O)N1C(=O)[C@@](C)(CC(=O)O)C[C@H](c2cccc(Cl)c2)[C@H]1c1ccc(Cl)cc1,477.147363768,3,2,5.691000000000006,True
CHEMBL3818934,Active,7.1095789811990855,CC[C@H](C)[C@H](NC(=O)C(=O)c1c(-c2ccccc2)[nH]c2ccccc12)C(=O)N[C@H](C(=O)OC)C(C)C,491.24202115599996,5,3,3.862300000000002,True
CHEMBL3818951,Active,7.931814138253839,CC[C@H](C)[C@H](NC(=O)C(=O)c1c(-c2ccccc2)[nH]c2ccccc12)C(=O)N[C@H](C(=O)OC)[C@@H](C)CC,505.25767121999996,5,3,4.252400000000003,True
CHEMBL3819071,Active,7.818156412055227,CC[C@H](C)[C@H](NC(=O)[C@@H](NC(=O)C(=O)c1c(-c2ccccc2)[nH]c2ccccc12)C(C)C)C(=O)OC,491.242021156,5,3,3.862300000000002,True
CHEMBL3819001,Active,8.008773924307505,CC[C@H](C)[C@H](NC(=O)[C@H](Cc1ccccc1)NC(=O)C(=O)c1c(-c2ccccc2)[nH]c2ccccc12)C(=O)NC,538.258005568,4,4,4.022000000000002,True
CHEMBL3125703,Active,7.777283528852417,CC[C@H](N1C(=O)[C@@](C)(CC(=O)O)C[C@H](c2cccc(Cl)c2)[C@H]1c1ccc(Cl)cc1)C(C)(C)O,491.163013832,3,2,6.081100000000007,True
CHEMBL4539285,Active,8.958607314841775,CC[C@H]([C@@H](C)O)N1C(=O)[C@@](C)(CC(=O)O)C[C@H](c2cccc(Cl)c2)[C@H]1c1ccc(Cl)cc1,477.147363768,3,2,5.691000000000006,True
CHEMBL3703675,Inactive,4.522878745280337,CCc1c(Cl)cnc(NC(c2ccc(OC)c(OC)c2OC)c2ccc3cccnc3c2O)c1F,497.15176218,7,2,5.917600000000005,True
CHEMBL3649868,Active,7.652669984683049,CN(C)C(=O)[C@@H]1CCCN1c1nc2cc(-c3noc(=O)[nH]3)nc(-c3cncc(Cl)c3)c2n1C[C@H]1CC[C@H](C)CC1,564.236414596,9,1,4.373300000000003,True
CHEMBL3649837,Active,7.267606240177032,CN(C)C(=O)[C@H]1CCCN1c1nc2cc(-c3noc(=O)[nH]3)nc(-c3cncc(Cl)c3)c2n1C[C@H]1CC[C@H](C)CC1,564.236414596,9,1,4.373300000000003,True
CHEMBL3650007,Active,8.698970004336019,CN(C)S(=O)(=O)NC(=O)c1cc2nc(N3CCO[C@@H]4CCC[C@H]43)n(C[C@H]3CC[C@H](C)CC3)c2c(-c2cncc(Cl)c2)n1,615.2394513760001,9,1,4.266900000000003,True
CHEMBL3957470,Active,8.698970004336019,CN(C)S(=O)(=O)NC(=O)c1cc2nc(N3CCO[C@H]4CCC[C@@H]43)n(C[C@H]3CC[C@H](C)CC3)c2c(-c2cncc(Cl)c2)n1,615.2394513760001,9,1,4.266900000000003,True
CHEMBL3649921,Active,7.0655015487564325,CN(c1ccccc1)c1nc2cc(C(=O)O)nc(-c3cncc(Cl)c3)c2n1C[C@H]1CC[C@H](C)CC1,489.193152816,6,1,6.439100000000005,True
CHEMBL3649884,Active,7.494850021680094,CN1C(=O)CN(c2nc3cc(-c4noc(=O)[nH]4)nc(-c4cncc(Cl)c4)c3n2C[C@H]2CC[C@H](C)CC2)[C@H]2CCC[C@@H]21,576.236414596,9,1,4.515800000000004,True
CHEMBL2347398,Inactive,5.267606240177032,CN1C(=O)CO[C@@H](c2ccc(Br)cc2)[C@H]1c1ccc(Br)cc1,422.94695292,2,0,4.482600000000003,True
CHEMBL2347384,Inactive,4.931814138253838,CN1C(=O)CO[C@@H](c2cccc(Cl)c2)[C@H]1c1ccc(Cl)cc1,335.04798408,2,0,4.264400000000004,True
CHEMBL2347401,Inactive,5.7447274948966935,CN1C(=O)[C@H](Cc2ccccc2)O[C@@H](c2ccc(Cl)cc2)[C@H]1c1ccc(Cl)cc1,425.094934272,2,0,5.875700000000005,True
CHEMBL5171791,Inactive,6.221848749616356,CN1CCC(=O)NCCSCCS(=O)(=O)CCN(Cc2ccc(C#N)cc2)CC(=O)N[C@@H](Cc2cc3ccc(Cl)cc3[nH]2)C1=O,672.1955379640001,8,3,2.3487800000000023,True
CHEMBL577393,Active,7.590066876668706,CN1CCN(CCNC(=O)[C@@H]2N[C@H](CC(C)(C)C)[C@]3(C(=O)Nc4cc(Cl)ccc43)[C@H]2c2cccc(Cl)c2F)CC1,589.2386590360001,5,3,4.246400000000003,True
CHEMBL416288,Inactive,6.756961951313706,CN1CCc2cccc3c2[C@@H]1Cc1ccc(O)c(O)c1-3,267.125928784,3,2,2.8499000000000025,True
CHEMBL53,Inactive,6.688246138944246,CN1CCc2cccc3c2[C@H]1Cc1ccc(O)c(O)c1-3,267.125928784,3,2,2.8499000000000025,True
CHEMBL4068121,Inactive,5.769551078621726,CN1CCc2cccc3c4c(cc1c23)C=CC(=O)C4=O,263.094628656,3,0,2.6107000000000005,True
CHEMBL3220112,Inactive,5.119186407719209,CNC(=O)C(=Cc1cc(-c2ccccc2)n(-c2ccc(Cl)cc2)c1-c1ccccc1)C(=O)NC,469.155704688,3,2,5.340100000000005,True
CHEMBL210443,Inactive,5.47755576649368,CNC(=O)CN1C(=O)C(c2ccc(Cl)cc2)N(C(C(=O)O)c2ccc(Cl)cc2)C(=O)c2cc(I)ccc21,650.9824740999999,4,2,4.700000000000003,True
CHEMBL3687263,Active,7.943095148663527,CNC(=O)Cn1nc2c(c1C(C)C)C(c1ccc(Cl)cc1C)N(c1cccc(Cl)c1F)C2=O,488.118209556,4,1,5.256620000000004,True
CHEMBL3653276,Active,8.46344155742847,CNC(=O)N1CCC(N2C(=O)c3nc(-c4cnc(OC)nc4OC)n(C(C)C)c3C2c2ccc(Cl)cc2)CC1,553.220430184,8,1,3.9406000000000034,True
CHEMBL3693969,Active,7.460296761052175,CNC(=O)[C@@H]1NC2(CCCCC2)[C@@]2(C(=O)Nc3cc(Cl)ccc32)[C@H]1c1cccc(Cl)c1F,475.122960588,3,3,4.526900000000003,True
CHEMBL3693967,Inactive,5.675717544702307,CNC(=O)[C@@H]1NC2(CCN(C(C)=O)CC2)[C@@]2(C(=O)Nc3cc(Cl)ccc32)[C@H]1c1cccc(Cl)c1F,518.12877424,4,3,3.2051000000000016,True
CHEMBL3818299,Active,8.366531544420413,CNC(=O)[C@H](CC(C)C)NC(=O)[C@H](Cc1ccccc1)NC(=O)C(=O)c1c(-c2ccccc2)[nH]c2ccccc12,538.258005568,4,4,4.022000000000002,True
CHEMBL3653258,Active,8.251037138743838,CNC(=O)[C@H]1CC[C@H](N2C(=O)c3nc(-c4cnc(OC)nc4OC)n(C(C)C)c3C2c2ccc(Cl)cc2)CC1,552.225181216,8,1,4.441600000000004,True
CHEMBL2347390,Inactive,5.00436480540245,CNCC[C@@H]1O[C@@H](c2cccc(Cl)c2)[C@@H](c2ccc(Cl)cc2)N(CC2CC2)C1=O,432.137133432,3,1,5.022700000000005,True
CHEMBL3318755,Active,9.008773924307503,CNS(=O)(=O)C[C@H](C1CC1)N1C(=O)[C@@](C)(CC(=O)O)C[C@H](c2cccc(Cl)c2)[C@H]1c1ccc(Cl)cc1,552.12524842,4,2,4.859400000000004,True
CHEMBL3656993,Active,9.721246399047171,CNc1ncc(-c2nc3c(n2C(C)C)C(c2ccc(Cl)cc2)N(c2cc(Cl)c[nH]c2=O)C3=O)c(OC)n1,539.123942956,8,2,4.716200000000003,True
CHEMBL3657017,Active,9.721246399047171,CNc1ncc(-c2nc3c(n2C(C)C)C(c2ccc(Cl)cc2)N(c2cc(Cl)cn(C)c2=O)C3=O)c(OC)n1,553.1395930199999,9,1,4.726600000000004,True
CHEMBL3691771,Active,9.435333935747911,CNc1ncc(-n2nc3c(c2C(C)C)C(c2ccc(C#N)cc2)N(c2c[nH]c(=O)c(Cl)c2)C3=O)c(OC)n1,530.158164276,9,2,3.7991800000000016,True
CHEMBL3691770,Active,9.178486471595226,CNc1ncc(-n2nc3c(c2C(C)C)C(c2ccc(C#N)cc2)N(c2cc(Cl)c(=O)n(C)c2)C3=O)c(OC)n1,544.17381434,10,1,3.809580000000002,True
CHEMBL3691769,Active,9.17979854051436,CNc1ncc(-n2nc3c(c2C(C)C)C(c2ccc(C#N)cc2)N(c2cc(Cl)c[nH]c2=O)C3=O)c(OC)n1,530.158164276,9,2,3.7991800000000024,True
CHEMBL3691765,Active,8.904133546521457,CNc1ncc(-n2nc3c(c2C(C)C)C(c2ccc(C#N)cc2)N(c2cc(Cl)cn(C)c2=O)C3=O)c(OC)n1,544.17381434,10,1,3.809580000000003,True
CHEMBL3691762,Active,9.447331783887806,CNc1ncc(-n2nc3c(c2C(C)C)C(c2ccc(Cl)cc2)N(c2c[nH]c(=O)c(Cl)c2)C3=O)c(OC)n1,539.123942956,8,2,4.580900000000003,True
CHEMBL3691768,Active,9.430626090384957,CNc1ncc(-n2nc3c(c2C(C)C)C(c2ccc(Cl)cc2)N(c2cc(Cl)c(=O)n(C)c2)C3=O)c(OC)n1,553.1395930199999,9,1,4.591300000000004,True
CHEMBL3691761,Active,9.38933983691012,CNc1ncc(-n2nc3c(c2C(C)C)C(c2ccc(Cl)cc2)N(c2cc(Cl)c[nH]c2=O)C3=O)c(OC)n1,539.123942956,8,2,4.580900000000003,True
CHEMBL3691759,Active,9.498940737782249,CNc1ncc(-n2nc3c(c2C(C)C)C(c2ccc(Cl)cc2)N(c2cc(Cl)cn(C)c2=O)C3=O)c(OC)n1,553.1395930199999,9,1,4.591300000000004,True
CHEMBL3653278,Active,8.30189945437661,COC(=O)N1CCC(N2C(=O)c3nc(-c4cnc(OC)nc4OC)n(C(C)C)c3C2c2ccc(Cl)cc2)CC1,554.204445772,9,0,4.367600000000004,True
CHEMBL3649939,Active,8.698970004336019,COC(=O)N1C[C@@H](C)N(c2nc3cc(-c4noc(=O)[nH]4)nc(-c4cncc(Cl)c4)c3n2C[C@H]2CC[C@H](C)CC2)[C@H](C)C1,594.2469792800001,10,1,4.9817000000000045,True
CHEMBL3968776,Active,8.698970004336019,COC(=O)N1C[C@H](C)N(c2nc3cc(-c4nc(=O)o[nH]4)nc(-c4cncc(Cl)c4)c3n2C[C@H]2CC[C@H](C)CC2)[C@@H](C)C1,594.2469792800001,10,1,4.9817000000000045,True
CHEMBL3819467,Inactive,6.810790510417694,COC(=O)[C@@H](NC(=O)[C@H](CC(C)C)NC(=O)C(=O)c1c(-c2ccccc2)[nH]c2ccccc12)C(C)C,491.242021156,5,3,3.862300000000002,True
CHEMBL3818586,Active,7.605548319173784,COC(=O)[C@H](CC(C)C)NC(=O)[C@@H](NC(=O)C(=O)c1c(-c2ccccc2)[nH]c2ccccc12)C(C)C,491.242021156,5,3,3.862300000000002,True
CHEMBL4105199,Active,7.450996737974212,COC(=O)[C@H](Cc1ccc(O)cc1)NC(=O)CC(c1ccccc1)(c1ccccc1)c1ccccc1,479.209658408,4,2,5.017200000000004,True
CHEMBL4080951,Active,7.723538195826756,COC(=O)[C@H](Cc1ccc(O)cc1)NC(=O)CC(c1ccccc1)c1ccccc1,403.17835828,4,2,3.814700000000003,True
CHEMBL1688159,Inactive,4.958607314841775,COC(=O)c1ccc(CN2C(=O)c3ccccc3C2(O)c2ccc(Cl)cc2)cc1,407.09243573599997,4,1,3.9760000000000026,True
CHEMBL3649958,Active,8.0,COCC(=O)N1C[C@@H](C)N(c2nc3cc(-c4noc(=O)[nH]4)nc(-c4cncc(Cl)c4)c3n2C[C@H]2CC[C@H](C)CC2)[C@H](C)C1,608.2626293440002,10,1,4.388300000000004,True
CHEMBL3930337,Active,8.0,COCC(=O)N1C[C@H](C)N(c2nc3cc(-c4nc(=O)o[nH]4)nc(-c4cncc(Cl)c4)c3n2C[C@H]2CC[C@H](C)CC2)[C@@H](C)C1,608.2626293440002,10,1,4.388300000000004,True
CHEMBL3649917,Active,7.376750709602099,COCC(C)N(C)c1nc2cc(-c3noc(=O)[nH]3)nc(-c3cncc(Cl)c3)c2n1C[C@H]1CC[C@H](C)CC1,525.225515564,9,1,4.787400000000004,True
CHEMBL3649913,Active,7.853871964321762,COCC(C)Nc1nc2cc(-c3noc(=O)[nH]3)nc(-c3cncc(Cl)c3)c2n1C[C@H]1CC[C@H](C)CC1,511.20986550000003,9,2,4.763100000000003,True
CHEMBL3649993,Active,7.908919530652668,COCC(C)c1nc2cc(-c3noc(=O)[nH]3)nc(-c3cncc(Cl)c3)c2n1C[C@H]1CC[C@H](C)CC1,496.19896646800004,8,1,5.066200000000005,True
CHEMBL3649997,Active,8.096910013008056,COCC(COC)c1nc2cc(-c3noc(=O)[nH]3)nc(-c3cncc(Cl)c3)c2n1C[C@H]1CC[C@H](C)CC1,526.2095311520001,9,1,4.692700000000004,True
CHEMBL2151052,Inactive,5.1487416512809245,COCC1=C(C(=O)N2CCNC(=O)C2)SC2=N[C@@H](c3ccc(Cl)cc3)[C@@H](c3ccc(Cl)cc3)N21,516.078966924,6,1,4.010600000000004,True
CHEMBL3649876,Active,7.387216143280264,COCCN(C)c1nc2cc(-c3noc(=O)[nH]3)nc(-c3cncc(Cl)c3)c2n1C[C@H]1CC[C@H](C)CC1,511.20986550000003,9,1,4.398900000000004,True
CHEMBL3219400,Inactive,4.204119982655925,COCCNC(=O)[C@H]1c2ccccc2C(=O)N(Cc2ccc(Cl)cc2)[C@@H]1c1ccc(Cl)cc1,482.116397988,3,1,5.236900000000004,True
CHEMBL208625,Inactive,4.935542010773082,COCCOCCN1C(=O)[C@H](c2ccc(Cl)cc2)N(Cc2ccc(Cl)nc2N)C(=O)c2cc(I)ccc21,654.0297586400001,6,1,4.968500000000005,True
CHEMBL575538,Active,7.489454989793388,COCCOCCNC(=O)[C@@H]1N[C@H](CC(C)(C)C)[C@]2(C(=O)Nc3cc(Cl)ccc32)[C@H]1c1cccc(Cl)c1F,565.1910401480001,5,3,4.662000000000004,True
CHEMBL3288450,Active,7.698970004336019,COCCOc1ccccc1N1CCN(C(=O)[C@]2(Oc3ccc(C(F)(F)F)cc3)CCCN(C(=O)c3cnccc3C(F)(F)F)[C@@H]2CC(O)CO)CC1,754.2801189400001,9,2,4.658900000000006,True
CHEMBL3687261,Active,8.356547323513812,COCCn1nc2c(c1C(C)C)C(c1ccc(Cl)cc1C)N(c1cc(Cl)ccc1C)C2=O,471.14803246400004,4,0,6.326340000000005,True
CHEMBL3687258,Active,8.3767507096021,COCCn1nc2c(c1C(C)C)C(c1ccc(Cl)cc1C)N(c1cccc(Cl)c1F)C2=O,475.122960588,4,0,6.157020000000005,True
CHEMBL3657121,Active,9.84163750790475,COC[C@@H](C)n1c(-c2cnc(N(C)C)nc2OC)nc2c1C(c1ccc(Cl)cc1)N(c1cc(Cl)c(=O)n(C)c1)C2=O,597.165807768,10,0,4.377400000000004,True
CHEMBL3657125,Active,8.212327035312507,COC[C@@H](C)n1c(-c2cnc(N(C)C)nc2OC)nc2c1[C@@H](c1ccc(Cl)cc1)N(c1cc(Cl)c(=O)n(C)c1)C2=O,597.165807768,10,0,4.377400000000004,True
CHEMBL3657124,Active,10.229147988357855,COC[C@@H](C)n1c(-c2cnc(N(C)C)nc2OC)nc2c1[C@H](c1ccc(Cl)cc1)N(c1cc(Cl)c(=O)n(C)c1)C2=O,597.165807768,10,0,4.377400000000004,True
CHEMBL3657065,Active,9.55284196865778,COC[C@@H](C)n1c(-c2cnc(OC)nc2OC)nc2c1C(c1ccc(C#N)cc1)N(c1cccc(Cl)c1F)C2=O,562.1531591480001,9,0,4.978680000000005,True
CHEMBL3657119,Active,9.3829996588791,COC[C@@H](C)n1c(-c2cnc(OC)nc2OC)nc2c1C(c1ccc(Cl)cc1)N(c1cc(Cl)c(=O)n(C)c1)C2=O,584.1341732920001,10,0,4.320000000000004,True
CHEMBL3657120,Active,9.09151498112135,COC[C@@H](C)n1c(-c2cnc(OC)nc2OC)nc2c1C(c1ccc(Cl)cc1)N(c1cc(Cl)cn(C)c1=O)C2=O,584.1341732920001,10,0,4.320000000000004,True
CHEMBL3657123,Active,7.66334017654558,COC[C@@H](C)n1c(-c2cnc(OC)nc2OC)nc2c1[C@@H](c1ccc(Cl)cc1)N(c1cc(Cl)c(=O)n(C)c1)C2=O,584.1341732920001,10,0,4.320000000000004,True
CHEMBL3657122,Active,9.869666231504992,COC[C@@H](C)n1c(-c2cnc(OC)nc2OC)nc2c1[C@H](c1ccc(Cl)cc1)N(c1cc(Cl)c(=O)n(C)c1)C2=O,584.1341732920001,10,0,4.320000000000004,True
CHEMBL3649843,Active,8.522878745280337,COC[C@@H]1CCCN1c1nc2cc(-c3noc(=O)[nH]3)nc(-c3cncc(Cl)c3)c2n1C[C@H]1CC[C@H](C)CC1,537.225515564,9,1,4.931500000000004,True
CHEMBL3649881,Active,8.698970004336019,COC[C@@H]1CC[C@@H](COC)N1c1nc2cc(-c3noc(=O)[nH]3)nc(-c3cncc(Cl)c3)c2n1C[C@H]1CC[C@H](C)CC1,581.2517303120001,10,1,4.946500000000004,True
CHEMBL3649892,Active,8.522878745280337,COC[C@@H]1C[C@@H](OC)CN1c1nc2cc(-c3noc(=O)[nH]3)nc(-c3cncc(Cl)c3)c2n1C[C@H]1CC[C@H](C)CC1,567.2360802480001,10,1,4.556400000000004,True
CHEMBL3649835,Active,8.397940008672037,CO[C@@H]1C[C@@H](C)N(c2nc3cc(-c4noc(=O)[nH]4)nc(-c4cncc(Cl)c4)c3n2C[C@H]2CC[C@H](C)CC2)C1,537.225515564,9,1,4.929900000000004,True
CHEMBL3649863,Active,9.0,CO[C@@H]1C[C@@H](CF)N(c2nc3cc(-c4noc(=O)[nH]4)nc(-c4cncc(Cl)c4)c3n2C[C@H]2CC[C@H](C)CC2)C1,555.216093752,9,1,4.879500000000005,True
CHEMBL3649864,Inactive,6.452225294612178,CO[C@@H]1C[C@H](CF)N(c2nc3cc(-c4noc(=O)[nH]4)nc(-c4cncc(Cl)c4)c3n2C[C@H]2CC[C@H](C)CC2)C1,555.216093752,9,1,4.879500000000005,True
CHEMBL3982496,Active,7.585026652029182,CO[C@H]1COC[C@@H]1N(C)c1nc2cc(-c3noc(=O)[nH]3)nc(-c3cncc(Cl)c3)c2n1CC1CCC(C)CC1,553.2204301840001,10,1,4.166300000000003,True
CHEMBL3649866,Active,7.585026652029182,CO[C@H]1COC[C@@H]1N(C)c1nc2cc(-c3noc(=O)[nH]3)nc(-c3cncc(Cl)c3)c2n1C[C@H]1CC[C@H](C)CC1,553.2204301840001,10,1,4.166300000000003,True
CHEMBL3927925,Inactive,6.452225294612178,CO[C@H]1C[C@@H](CF)N(c2nc3cc(-c4nc(=O)o[nH]4)nc(-c4cncc(Cl)c4)c3n2C[C@H]2CC[C@H](C)CC2)C1,555.216093752,9,1,4.879500000000005,True
CHEMBL3984635,Active,8.397940008672037,CO[C@H]1C[C@H](C)N(c2nc3cc(-c4nc(=O)o[nH]4)nc(-c4cncc(Cl)c4)c3n2C[C@H]2CC[C@H](C)CC2)C1,537.225515564,9,1,4.929900000000004,True
CHEMBL462090,Inactive,3.917933065714887,COc1c(C)c(CCN(C)C)c2c(c1OC)SSSSS2,381.0019338480001,8,0,5.173720000000004,True
CHEMBL3109054,Active,7.2839966563652,COc1cc(C(=O)O)ccc1NC(=O)[C@@H]1N[C@@H](CC(C)(C)C)[C@@]2(C(=O)Nc3ccncc32)[C@H]1c1cccc(Cl)c1F,580.18887596,6,4,4.9699000000000035,True
CHEMBL3109050,Active,7.2839966563652,COc1cc(C(=O)O)ccc1NC(=O)[C@@H]1N[C@@H](CC(C)(C)C)[C@@]2(C(=O)Nc3ncccc32)[C@H]1c1cccc(Cl)c1F,580.18887596,6,4,4.9699000000000035,True
CHEMBL3109053,Inactive,6.853871964321762,COc1cc(C(N)=O)ccc1NC(=O)[C@@H]1N[C@@H](CC(C)(C)C)[C@@]2(C(=O)Nc3ccncc32)[C@H]1c1cccc(Cl)c1F,579.204860372,6,4,4.370600000000003,True
CHEMBL3109045,Active,7.346787486224656,COc1cc(C(N)=O)ccc1NC(=O)[C@@H]1N[C@@H](CC(C)(C)C)[C@@]2(C(=O)Nc3nc(Cl)ncc32)[C@H]1c1cccc(Cl)c1F,614.1611369880001,7,4,4.419000000000002,True
CHEMBL462089,Inactive,4.23210238398191,COc1cc(CCN(C)C)c2c(c1O)SSSSS2,352.9706337200001,8,1,4.562300000000003,True
CHEMBL5199785,Active,7.97469413473523,COc1cc(Cc2c(-c3ccn(S(=O)(=O)c4ccccc4)c3)[nH]c3ccccc23)cc(O)c1OC,488.14059286799994,6,2,5.187000000000005,True
CHEMBL3703674,Inactive,4.698970004336019,COc1cc(Cl)cnc1NC(c1ccc(OC)c(OC)c1OC)c1ccc2cccnc2c1O,481.14044854799994,8,2,5.224700000000005,True
CHEMBL3650062,Active,7.259637310505756,COc1cc2c(cc1OC(C)C)C(c1ccc(Cl)cc1)N(C1CCC(C(C)(C)O)CC1)C(=O)C2,485.23328631199996,4,1,5.939600000000008,True
CHEMBL3650061,Inactive,6.0030507515046185,COc1cc2c(cc1OC(C)C)C(c1ccc(Cl)cc1)N(C1CCC(C(C)=O)CC1)C(=O)C2,469.20198618399996,4,0,5.757700000000006,True
CHEMBL3650055,Inactive,6.391473966422806,COc1cc2c(cc1OC(C)C)C(c1ccc(Cl)cc1)N(C1CCC(N(C)C(=O)CCO)CC1)C(=O)C2,528.2390999639999,5,1,4.761900000000006,True
CHEMBL3650048,Inactive,6.413412695328245,COc1cc2c(cc1OC(C)C)C(c1ccc(Cl)cc1)N(C1CCC(N(C)C(C)=O)CC1)C(=O)C2,498.22853528,4,0,5.399400000000006,True
CHEMBL3650053,Inactive,6.429457060118103,COc1cc2c(cc1OC(C)C)C(c1ccc(Cl)cc1)N(C1CCC(N(C)C(N)=O)CC1)C(=O)C2,499.223784248,4,1,4.931600000000005,True
CHEMBL3650051,Inactive,5.191856574238509,COc1cc2c(cc1OC(C)C)C(c1ccc(Cl)cc1)N(C1CCC(N(C)CCO)CC1)C(=O)C2,500.244185344,5,1,4.845200000000006,True
CHEMBL3650054,Inactive,6.166852888087215,COc1cc2c(cc1OC(C)C)C(c1ccc(Cl)cc1)N(C1CCC(N3CCNC3=O)CC1)C(=O)C2,511.223784248,4,1,4.946300000000005,True
CHEMBL3650050,Inactive,6.013676222949234,COc1cc2c(cc1OC(C)C)C(c1ccc(Cl)cc1)N(C1CCC(NC(C)=O)CC1)C(=O)C2,484.212885216,4,1,5.057200000000005,True
CHEMBL3650052,Inactive,5.355758414156272,COc1cc2c(cc1OC(C)C)C(c1ccc(Cl)cc1)N(C1CCC(NC(N)=O)CC1)C(=O)C2,485.208134184,4,2,4.589400000000004,True
CHEMBL3650047,Inactive,6.048662481204082,COc1cc2c(cc1OC(C)C)C(c1ccc(Cl)cc1)N(C1CCCCC1)C(=O)C2,427.1914215,3,0,5.942600000000007,True
CHEMBL3683119,Inactive,6.938170692705301,COc1cc2c(cc1OC(C)C)C(c1ccc(Cl)cc1)N(c1ccc(N(C)C)cc1)C(=O)C2,464.18667046800005,4,0,5.880500000000007,True
CHEMBL3627748,Inactive,5.247183568811729,COc1ccc(-c2cn(CCC[C@H](NC(=O)OCC3c4ccccc4-c4ccccc43)C(=O)O)nn2)cc1,512.205969996,7,2,4.725800000000003,True
CHEMBL3220099,Inactive,5.721246399047171,COc1ccc(-n2c(-c3ccccc3)cc(C=C3C(=O)NC(=O)NC3=O)c2-c2ccccc2)cc1,463.153206152,5,2,4.569300000000003,True
CHEMBL3703669,Inactive,5.0,COc1ccc(C(Nc2cc(C)c(Cl)cn2)c2ccc3cccnc3c2O)c(OC)c1OC,465.14553392799996,7,2,5.524520000000005,True
CHEMBL3703667,Inactive,4.585026652029182,COc1ccc(C(Nc2cc(C)c(Cl)cn2)c2ccc3cccnc3c2O)cc1OC,435.134969244,6,2,5.515920000000005,True
CHEMBL3703646,Inactive,5.376750709602099,COc1ccc(C(Nc2cc(C)ccn2)c2ccc3cccnc3c2O)cc1O,387.15829153199996,6,3,4.5595200000000045,True
CHEMBL3703670,Inactive,4.7447274948966935,COc1ccc(C(Nc2cc(Cl)c(Cl)cn2)c2ccc3cccnc3c2O)c(OC)c1OC,485.09091151199993,7,2,5.869500000000006,True
CHEMBL3703668,Inactive,4.585026652029182,COc1ccc(C(Nc2cc(Cl)c(Cl)cn2)c2ccc3cccnc3c2O)cc1OC,455.08034682799996,6,2,5.860900000000005,True
CHEMBL3703651,Inactive,5.376750709602099,COc1ccc(C(Nc2cccc(C)n2)c2ccc3cccnc3c2O)cc1O,387.15829153199996,6,3,4.5595200000000045,True
CHEMBL3703673,Inactive,4.698970004336019,COc1ccc(C(Nc2nc(C)c(Cl)cc2Cl)c2ccc3cccnc3c2O)c(OC)c1OC,499.10656157599993,7,2,6.1779200000000065,True
CHEMBL3703672,Inactive,4.886056647693163,COc1ccc(C(Nc2ncc(Cl)cc2C)c2ccc3cccnc3c2O)c(OC)c1OC,465.14553392799996,7,2,5.524520000000005,True
CHEMBL3703666,Inactive,4.619788758288394,COc1ccc(C(Nc2ncc(Cl)cc2C)c2ccc3cccnc3c2O)cc1OC,435.134969244,6,2,5.515920000000005,True
CHEMBL515487,Active,7.045757490560675,COc1ccc(C2=NC(c3ccc(Cl)cc3)C(c3ccc(Cl)cc3)N2)c(OC(C)C)c1,454.121483368,4,1,6.621600000000006,True
CHEMBL1688283,Inactive,5.552841968657781,COc1ccc(CN2C(=O)c3ccccc3C2(OCC2(CO)CC2)c2ccc(Cl)cc2)cc1,463.15503599199997,4,1,4.994800000000005,True
CHEMBL4163281,Inactive,6.142667503568731,COc1ccc(CNC(=O)[C@H](CC(=O)O)NC(=O)CNC(=O)c2cccc(NC(=N)N)c2)cc1,470.19138255200005,6,7,0.006270000000001608,True
CHEMBL3683114,Inactive,4.597044301678966,COc1ccc(N2C(=O)Cc3cc(OCCN)c(OC)cc3C2c2ccc(Cl)cc2)cc1,452.15028496,5,1,4.373400000000003,True
CHEMBL3683113,Inactive,4.987647938085832,COc1ccc(N2C(=O)Cc3cc(OCCN4CCOCC4)c(OC)cc3C2c2ccc(Cl)cc2)cc1,522.192149772,6,0,4.746900000000005,True
CHEMBL3683111,Inactive,6.0129597130207335,COc1ccc(N2C(=O)Nc3cc(OC)c(OC)cc3C2c2ccc(Cl)cc2)cc1,424.118984832,4,1,5.507300000000004,True
CHEMBL3653233,Active,9.721246399047171,COc1ccccc1-c1nc2c(n1C(C)C)C(c1ccc(C#N)cc1)N(c1cc(Cl)ccc1C)C2=O,496.16660372,5,0,6.722900000000005,True
CHEMBL3653239,Active,8.832682665251824,COc1ccccc1-c1nc2c(n1C(C)C)C(c1ccc(Cl)cc1)N(C1CCC(=O)N(C)C1)C2=O,492.192818468,5,0,4.959000000000006,True
CHEMBL3687292,Active,8.744727494896694,COc1ccccc1-n1nc2c(c1C(C)C)C(c1ccc(C)cc1)N(c1cccc(Cl)c1F)C2=O,489.16193294,4,0,6.855020000000005,True
CHEMBL3691703,Active,8.920637835606954,COc1ccccc1-n1nc2c(c1C(C)C)C(c1ccc(Cl)cc1)N(c1ccc(F)c(F)c1)C2=O,493.13686106399996,4,0,6.685700000000005,True
CHEMBL3687289,Active,8.173925197299173,COc1ccccc1-n1nc2c(c1C(C)C)C(c1ccc(F)cc1)N(c1cccc(Cl)c1F)C2=O,493.13686106399996,4,0,6.685700000000005,True
CHEMBL3657110,Active,8.491604966866946,COc1cn(C)c(=O)cc1-c1nc2c(n1C(C)C)C(c1ccc(Cl)cc1)N(c1c(F)c(C3CC3)nn1C)C2=O,550.1895446560001,8,0,4.991500000000005,True
CHEMBL3657054,Inactive,6.846032778354521,COc1cn(C)c(=O)cc1-c1nc2c(n1C(C)C)C(c1ccc(Cl)cc1)N(c1cc(C)nc(C)n1)C2=O,518.183316404,8,0,4.648340000000004,True
CHEMBL3657099,Active,7.991825815993574,COc1nc(=O)[nH]cc1-c1nc2c(n1C(C)C)C(c1ccc(Cl)cc1)N(c1cc(Cl)cn(C)c1=O)C2=O,540.1079585440001,8,1,3.978200000000003,True
CHEMBL3657079,Active,9.455931955649724,COc1nc(N(C)C)ncc1-c1nc2c(n1C(C)C)C(c1ccc(C#N)c(F)c1)N(c1cc(Cl)cn(C)c1=O)C2=O,576.1800425920002,10,0,4.108280000000003,True
CHEMBL3653255,Active,9.193820026016112,COc1nc(N(C)C)ncc1-c1nc2c(n1C(C)C)C(c1ccc(C#N)cc1)N(c1cc(Cl)cn(C)c1=O)C2=O,558.1894644040001,10,0,3.9691800000000033,True
CHEMBL3657089,Active,9.931814138253838,COc1nc(N(C)C)ncc1-c1nc2c(n1C(C)C)C(c1ccc(Cl)c(F)c1)N(c1cc(Cl)c(=O)n(C)c1)C2=O,585.145821272,9,0,4.890000000000004,True
CHEMBL3657087,Active,9.721246399047171,COc1nc(N(C)C)ncc1-c1nc2c(n1C(C)C)C(c1ccc(Cl)c(F)c1)N(c1cc(Cl)cn(C)c1=O)C2=O,585.1458212720001,9,0,4.890000000000004,True
CHEMBL3653282,Active,9.387216143280265,COc1nc(N(C)C)ncc1-c1nc2c(n1C(C)C)C(c1ccc(Cl)cc1)N(C1CN(C)C(=O)N(C)C1)C2=O,552.236414596,8,0,3.5600000000000023,True
CHEMBL3657106,Active,9.6903698325741,COc1nc(N(C)C)ncc1-c1nc2c(n1C(C)C)C(c1ccc(Cl)cc1)N(c1c(F)c(C)nn1C)C2=O,538.2007780360001,9,0,4.579820000000003,True
CHEMBL3657095,Active,9.596879478824182,COc1nc(N(C)C)ncc1-c1nc2c(n1C(C)C)C(c1ccc(Cl)cc1)N(c1cc(C)cn(C)c1=O)C2=O,547.2098655000001,9,0,4.405920000000003,True
CHEMBL3653247,Active,9.346787486224656,COc1nc(N(C)C)ncc1-c1nc2c(n1C(C)C)C(c1ccc(Cl)cc1)N(c1cc(C)nn1C)C2=O,520.210199848,9,0,4.440720000000003,True
CHEMBL3657102,Active,8.896880746454286,COc1nc(N(C)C)ncc1-c1nc2c(n1C(C)C)C(c1ccc(Cl)cc1)N(c1cc(C)nnc1OC)C2=O,548.205114468,10,0,4.5058200000000035,True
CHEMBL3653222,Active,9.638272163982409,COc1nc(N(C)C)ncc1-c1nc2c(n1C(C)C)C(c1ccc(Cl)cc1)N(c1cc(Cl)c(=O)n(C)c1)C2=O,567.155243084,9,0,4.750900000000004,True
CHEMBL3657011,Active,9.795880017344077,COc1nc(N(C)C)ncc1-c1nc2c(n1C(C)C)C(c1ccc(Cl)cc1)N(c1cc(Cl)cn(C)c1=O)C2=O,567.155243084,9,0,4.750900000000004,True
CHEMBL3653250,Active,9.494850021680094,COc1nc(N(C)C)ncc1-c1nc2c(n1C(C)C)C(c1ccc(Cl)cc1)N(c1ccc(C(N)=O)cc1C)C2=O,559.2098655000001,8,1,4.8061200000000035,True
CHEMBL3657105,Active,9.504455662453552,COc1nc(N(C)C)ncc1-c1nc2c(n1C(C)C)C(c1ccc(Cl)cc1F)N(c1cc(Cl)cn(C)c1=O)C2=O,585.1458212720001,9,0,4.890000000000004,True
CHEMBL3657090,Active,7.291579099865287,COc1nc(N(C)C)ncc1-c1nc2c(n1C(C)C)[C@@H](c1ccc(C#N)c(F)c1)N(c1cc(Cl)cn(C)c1=O)C2=O,576.1800425920002,10,0,4.108280000000003,True
CHEMBL3656979,Inactive,6.814741234703415,COc1nc(N(C)C)ncc1-c1nc2c(n1C(C)C)[C@@H](c1ccc(C#N)cc1)N(c1cc(Cl)cn(C)c1=O)C2=O,558.1894644040001,10,0,3.9691800000000033,True
CHEMBL3657082,Inactive,6.379780635131128,COc1nc(N(C)C)ncc1-c1nc2c(n1C(C)C)[C@@H](c1ccc(Cl)cc1)N(c1cc(Cl)cn(C)c1=O)C2=O,567.155243084,9,0,4.750900000000004,True
CHEMBL3657091,Active,9.818156412055227,COc1nc(N(C)C)ncc1-c1nc2c(n1C(C)C)[C@H](c1ccc(C#N)c(F)c1)N(c1cc(Cl)cn(C)c1=O)C2=O,576.1800425920002,10,0,4.108280000000003,True
CHEMBL3656978,Active,9.481486060122112,COc1nc(N(C)C)ncc1-c1nc2c(n1C(C)C)[C@H](c1ccc(C#N)cc1)N(c1cc(Cl)cn(C)c1=O)C2=O,558.1894644040001,10,0,3.9691800000000033,True
CHEMBL3657083,Active,10.09151498112135,COc1nc(N(C)C)ncc1-c1nc2c(n1C(C)C)[C@H](c1ccc(Cl)cc1)N(c1cc(Cl)cn(C)c1=O)C2=O,567.155243084,9,0,4.750900000000004,True
CHEMBL3691789,Active,9.705533773838408,COc1nc(N(C)C)ncc1-n1nc2c(c1C(C)C)C(c1ccc(C#N)c(F)c1)N(c1c[nH]c(=O)c(Cl)c1)C2=O,562.1643925280001,9,1,3.9625800000000027,True
CHEMBL3691787,Active,9.671620396561265,COc1nc(N(C)C)ncc1-n1nc2c(c1C(C)C)C(c1ccc(C#N)c(F)c1)N(c1cc(Cl)c(=O)n(C)c1)C2=O,576.1800425920002,10,0,3.9729800000000033,True
CHEMBL3691788,Active,9.667561540084394,COc1nc(N(C)C)ncc1-n1nc2c(c1C(C)C)C(c1ccc(C#N)c(F)c1)N(c1cc(Cl)c[nH]c1=O)C2=O,562.1643925280001,9,1,3.9625800000000027,True
CHEMBL3691786,Active,9.424812155072338,COc1nc(N(C)C)ncc1-n1nc2c(c1C(C)C)C(c1ccc(C#N)c(F)c1)N(c1cc(Cl)cn(C)c1=O)C2=O,576.1800425920002,10,0,3.9729800000000033,True
CHEMBL3691754,Active,9.65364702554936,COc1nc(N(C)C)ncc1-n1nc2c(c1C(C)C)C(c1ccc(C#N)cc1)N(c1c[nH]c(=O)c(Cl)c1)C2=O,544.17381434,9,1,3.8234800000000027,True
CHEMBL3691746,Active,9.602059991327964,COc1nc(N(C)C)ncc1-n1nc2c(c1C(C)C)C(c1ccc(C#N)cc1)N(c1cc(Cl)c(=O)n(C)c1)C2=O,558.1894644040001,10,0,3.8338800000000033,True
CHEMBL3691753,Active,9.779891911959943,COc1nc(N(C)C)ncc1-n1nc2c(c1C(C)C)C(c1ccc(C#N)cc1)N(c1cc(Cl)c[nH]c1=O)C2=O,544.17381434,9,1,3.8234800000000027,True
CHEMBL3691747,Active,9.431798275933003,COc1nc(N(C)C)ncc1-n1nc2c(c1C(C)C)C(c1ccc(C#N)cc1)N(c1cc(Cl)cn(C)c1=O)C2=O,558.1894644040001,10,0,3.8338800000000033,True
CHEMBL3691793,Active,9.785156151952302,COc1nc(N(C)C)ncc1-n1nc2c(c1C(C)C)C(c1ccc(Cl)c(F)c1)N(c1c[nH]c(=O)c(Cl)c1)C2=O,571.130171208,8,1,4.7443000000000035,True
CHEMBL3691792,Active,9.809668301829708,COc1nc(N(C)C)ncc1-n1nc2c(c1C(C)C)C(c1ccc(Cl)c(F)c1)N(c1cc(Cl)c(=O)n(C)c1)C2=O,585.145821272,9,0,4.754700000000004,True
CHEMBL3691791,Active,9.782516055786092,COc1nc(N(C)C)ncc1-n1nc2c(c1C(C)C)C(c1ccc(Cl)c(F)c1)N(c1cc(Cl)c[nH]c1=O)C2=O,571.1301712080001,8,1,4.7443000000000035,True
CHEMBL3691790,Active,9.892790030352131,COc1nc(N(C)C)ncc1-n1nc2c(c1C(C)C)C(c1ccc(Cl)c(F)c1)N(c1cc(Cl)cn(C)c1=O)C2=O,585.1458212720001,9,0,4.754700000000004,True
CHEMBL3691752,Active,9.886056647693165,COc1nc(N(C)C)ncc1-n1nc2c(c1C(C)C)C(c1ccc(Cl)cc1)N(c1c[nH]c(=O)c(Cl)c1)C2=O,553.13959302,8,1,4.6052000000000035,True
CHEMBL3691795,Active,9.277366077466189,COc1nc(N(C)C)ncc1-n1nc2c(c1C(C)C)C(c1ccc(Cl)cc1)N(c1cc(C)cn(C)c1=O)C2=O,547.2098655000001,9,0,4.270620000000004,True
CHEMBL3691745,Active,9.987162775294829,COc1nc(N(C)C)ncc1-n1nc2c(c1C(C)C)C(c1ccc(Cl)cc1)N(c1cc(Cl)c(=O)n(C)c1)C2=O,567.155243084,9,0,4.615600000000004,True
CHEMBL3691743,Active,9.886056647693165,COc1nc(N(C)C)ncc1-n1nc2c(c1C(C)C)C(c1ccc(Cl)cc1)N(c1cc(Cl)c[nH]c1=O)C2=O,553.13959302,8,1,4.605200000000004,True
CHEMBL3691744,Active,9.920818753952377,COc1nc(N(C)C)ncc1-n1nc2c(c1C(C)C)C(c1ccc(Cl)cc1)N(c1cc(Cl)cn(C)c1=O)C2=O,567.155243084,9,0,4.615600000000005,True
CHEMBL3691775,Active,7.643974142806877,COc1nc(N(C)C)ncc1-n1nc2c(c1C(C)C)[C@@H](c1ccc(C#N)cc1)N(c1cc(Cl)c(=O)n(C)c1)C2=O,558.1894644040001,10,0,3.8338800000000033,True
CHEMBL3691778,Active,7.065148197034339,COc1nc(N(C)C)ncc1-n1nc2c(c1C(C)C)[C@@H](c1ccc(C#N)cc1)N(c1cc(Cl)c[nH]c1=O)C2=O,544.17381434,9,1,3.8234800000000027,True
CHEMBL3691766,Active,7.062281556382736,COc1nc(N(C)C)ncc1-n1nc2c(c1C(C)C)[C@@H](c1ccc(C#N)cc1)N(c1cc(Cl)cn(C)c1=O)C2=O,558.1894644040001,10,0,3.8338800000000033,True
CHEMBL3691777,Active,7.612076533026563,COc1nc(N(C)C)ncc1-n1nc2c(c1C(C)C)[C@@H](c1ccc(Cl)cc1)N(c1cc(Cl)c[nH]c1=O)C2=O,553.13959302,8,1,4.605200000000004,True
CHEMBL3691774,Active,9.920818753952377,COc1nc(N(C)C)ncc1-n1nc2c(c1C(C)C)[C@H](c1ccc(C#N)cc1)N(c1cc(Cl)c(=O)n(C)c1)C2=O,558.1894644040001,10,0,3.8338800000000033,True
CHEMBL3691779,Active,10.013228265733757,COc1nc(N(C)C)ncc1-n1nc2c(c1C(C)C)[C@H](c1ccc(C#N)cc1)N(c1cc(Cl)c[nH]c1=O)C2=O,544.17381434,9,1,3.8234800000000027,True
CHEMBL3691767,Active,9.88941028970075,COc1nc(N(C)C)ncc1-n1nc2c(c1C(C)C)[C@H](c1ccc(C#N)cc1)N(c1cc(Cl)cn(C)c1=O)C2=O,558.1894644040001,10,0,3.8338800000000033,True
CHEMBL3691776,Active,9.476253533188435,COc1nc(N(C)C)ncc1-n1nc2c(c1C(C)C)[C@H](c1ccc(Cl)cc1)N(c1cc(Cl)c[nH]c1=O)C2=O,553.13959302,8,1,4.605200000000004,True
CHEMBL3653281,Active,8.421360790031928,COc1nc(N)ncc1-c1nc2c(n1C(C)C)C(c1ccc(Cl)cc1)N(C1CN(C)C(=O)N(C)C1)C2=O,524.205114468,8,1,3.076200000000001,True
CHEMBL3653223,Active,8.939302159646388,COc1nc(N)ncc1-c1nc2c(n1C(C)C)C(c1ccc(Cl)cc1)N(c1cc(Cl)c(=O)n(C)c1)C2=O,539.123942956,9,1,4.267100000000003,True
CHEMBL3656977,Active,8.869666231504993,COc1nc(N)ncc1-c1nc2c(n1C(C)C)C(c1ccc(Cl)cc1)N(c1cc(Cl)cn(C)c1=O)C2=O,539.123942956,9,1,4.267100000000003,True
CHEMBL3653295,Inactive,6.976336081802207,COc1nc(N)ncc1-c1nc2c(n1C(C)C)[C@@H](c1ccc(C#N)cc1)N(c1cccc(Cl)c1F)C2=O,517.142928812,8,1,4.925780000000004,True
CHEMBL3657019,Active,7.163675884293248,COc1nc(N)ncc1-c1nc2c(n1C(C)C)[C@@H](c1ccc(Cl)cc1)N(c1cc(Cl)cn(C)c1=O)C2=O,539.123942956,9,1,4.267100000000003,True
CHEMBL3653294,Active,9.443697499232712,COc1nc(N)ncc1-c1nc2c(n1C(C)C)[C@H](c1ccc(C#N)cc1)N(c1cccc(Cl)c1F)C2=O,517.142928812,8,1,4.925780000000004,True
CHEMBL3657018,Active,9.167491087293763,COc1nc(N)ncc1-c1nc2c(n1C(C)C)[C@H](c1ccc(Cl)cc1)N(c1cc(Cl)cn(C)c1=O)C2=O,539.123942956,9,1,4.267100000000003,True
CHEMBL3657007,Active,9.3767507096021,COc1nc(N)ncc1C1=NC2C(=O)N(c3cccc(Cl)c3F)C(c3ccc(Cl)cc3)C2N1C(C)C,528.1243575560001,7,1,4.5092000000000025,True
CHEMBL3657016,Active,9.585026652029182,COc1nc(N2CC(O)C2)ncc1-c1nc2c(n1C(C)C)C(c1ccc(Cl)cc1)N(c1cc(Cl)cn(C)c1=O)C2=O,595.1501577040001,10,1,3.865800000000003,True
CHEMBL3657111,Active,9.199970640755865,COc1nc(N2CCS(=O)(=O)CC2)ncc1-c1nc2c(n1C(C)C)C(c1ccc(C#N)cc1)N(c1cccc(Cl)c1F)C2=O,635.1517792440002,10,0,4.578380000000005,True
CHEMBL3657088,Active,9.148741651280924,COc1ncc(-c2nc3c(n2C(C)C)C(C)(c2ccc(Cl)cc2)N(c2cc(Cl)cn(C)c2=O)C3=O)c(OC)n1,568.139258672,9,0,4.867600000000005,True
CHEMBL3657080,Active,9.00436480540245,COc1ncc(-c2nc3c(n2C(C)C)C(c2ccc(C#N)c(F)c2)N(c2cc(Cl)cn(C)c2=O)C3=O)c(OC)n1,563.1484081159999,10,0,4.050880000000003,True
CHEMBL3653277,Active,8.63264407897398,COc1ncc(-c2nc3c(n2C(C)C)C(c2ccc(C#N)cc2)N(c2cc(Cl)cn(C)c2=O)C3=O)c(OC)n1,545.157829928,10,0,3.911780000000003,True
CHEMBL3657092,Active,9.598599459218455,COc1ncc(-c2nc3c(n2C(C)C)C(c2ccc(Cl)c(F)c2)N(c2cc(Cl)c(=O)n(C)c2)C3=O)c(OC)n1,572.1141867959999,9,0,4.832600000000005,True
CHEMBL3657086,Active,9.279840696594045,COc1ncc(-c2nc3c(n2C(C)C)C(c2ccc(Cl)c(F)c2)N(c2cc(Cl)cn(C)c2=O)C3=O)c(OC)n1,572.1141867959999,9,0,4.832600000000005,True
CHEMBL3653240,Active,8.812479279163536,COc1ncc(-c2nc3c(n2C(C)C)C(c2ccc(Cl)cc2)N(C2CCC(=O)N(C)C2)C3=O)c(OC)n1,524.193881088,8,0,3.757600000000002,True
CHEMBL3653297,Active,8.55284196865778,COc1ncc(-c2nc3c(n2C(C)C)C(c2ccc(Cl)cc2)N(C2CN(C)C(=O)N(C)C2)C3=O)c(OC)n1,539.20478012,8,0,3.502600000000002,True
CHEMBL3653253,Active,7.82102305270683,COc1ncc(-c2nc3c(n2C(C)C)C(c2ccc(Cl)cc2)N([C@H]2CC[C@H](C(=O)O)CC2)C3=O)c(OC)n1,539.19354674,8,1,4.780200000000003,True
CHEMBL3653254,Active,7.928117992693875,COc1ncc(-c2nc3c(n2C(C)C)C(c2ccc(Cl)cc2)N([C@H]2CC[C@H](NC(C)=O)CC2)C3=O)c(OC)n1,552.225181216,8,1,4.584100000000003,True
CHEMBL3657093,Active,8.618704376996174,COc1ncc(-c2nc3c(n2C(C)C)C(c2ccc(Cl)cc2)N(c2cc(C)cc(=O)n2C)C3=O)c(OC)n1,534.178231024,9,0,4.348520000000003,True
CHEMBL3657094,Active,8.935542010773082,COc1ncc(-c2nc3c(n2C(C)C)C(c2ccc(Cl)cc2)N(c2cc(C)cn(C)c2=O)C3=O)c(OC)n1,534.178231024,9,0,4.348520000000004,True
CHEMBL3657071,Active,7.032920265855503,COc1ncc(-c2nc3c(n2C(C)C)C(c2ccc(Cl)cc2)N(c2cc(C)nc(C)n2)C3=O)c(OC)n1,519.1785653720001,9,0,4.7482400000000045,True
CHEMBL3653248,Active,8.785156151952302,COc1ncc(-c2nc3c(n2C(C)C)C(c2ccc(Cl)cc2)N(c2cc(C)nn2C)C3=O)c(OC)n1,507.17856537200004,9,0,4.383320000000003,True
CHEMBL3657100,Active,8.227238352855968,COc1ncc(-c2nc3c(n2C(C)C)C(c2ccc(Cl)cc2)N(c2cc(C)nnc2OC)C3=O)c(OC)n1,535.173479992,10,0,4.448420000000003,True
CHEMBL3653221,Active,8.446116973356126,COc1ncc(-c2nc3c(n2C(C)C)C(c2ccc(Cl)cc2)N(c2cc(Cl)c(=O)n(C)c2)C3=O)c(OC)n1,554.1236086079999,9,0,4.693500000000004,True
CHEMBL3657129,Active,9.53860152954317,COc1ncc(-c2nc3c(n2C(C)C)C(c2ccc(Cl)cc2)N(c2cc(Cl)cn(C)c2=O)C3=O)c(OC)n1,554.1236086079999,9,0,4.693500000000004,True
CHEMBL3653251,Active,8.882728704344236,COc1ncc(-c2nc3c(n2C(C)C)C(c2ccc(Cl)cc2)N(c2ccc(C(N)=O)cc2C)C3=O)c(OC)n1,546.178231024,8,1,4.748720000000003,True
CHEMBL3657104,Active,8.972650392225244,COc1ncc(-c2nc3c(n2C(C)C)C(c2ccc(Cl)cc2F)N(c2cc(Cl)cn(C)c2=O)C3=O)c(OC)n1,572.1141867959999,9,0,4.832600000000005,True
CHEMBL3657108,Inactive,6.9019449603307566,COc1ncc(-c2nc3c(n2C(C)C)[C@@H](c2ccc(Cl)cc2)N(c2cc(Cl)c(=O)n(C)c2)C3=O)c(OC)n1,554.1236086079999,9,0,4.693500000000004,True
CHEMBL3657085,Active,7.116111542111519,COc1ncc(-c2nc3c(n2C(C)C)[C@@H](c2ccc(Cl)cc2)N(c2cc(Cl)c[nH]c2=O)C3=O)c(OC)n1,540.107958544,8,1,4.683100000000004,True
CHEMBL3653257,Inactive,6.523313257054356,COc1ncc(-c2nc3c(n2C(C)C)[C@@H](c2ccc(Cl)cc2)N(c2cc(Cl)cn(C)c2=O)C3=O)c(OC)n1,554.1236086079999,9,0,4.693500000000004,True
CHEMBL3657107,Active,9.906578314837764,COc1ncc(-c2nc3c(n2C(C)C)[C@H](c2ccc(Cl)cc2)N(c2cc(Cl)c(=O)n(C)c2)C3=O)c(OC)n1,554.1236086079999,9,0,4.693500000000004,True
CHEMBL3653256,Active,9.657577319177792,COc1ncc(-c2nc3c(n2C(C)C)[C@H](c2ccc(Cl)cc2)N(c2cc(Cl)cn(C)c2=O)C3=O)c(OC)n1,554.1236086079999,9,0,4.693500000000004,True
CHEMBL3691755,Active,9.112382699664265,COc1ncc(-n2nc3c(c2C(C)C)C(c2ccc(C#N)cc2)N(c2c[nH]c(=O)c(Cl)c2)C3=O)c(OC)n1,531.142179864,9,1,3.7660800000000014,True
CHEMBL3691757,Active,8.885389015767826,COc1ncc(-n2nc3c(c2C(C)C)C(c2ccc(C#N)cc2)N(c2cc(Cl)c(=O)n(C)c2)C3=O)c(OC)n1,545.157829928,10,0,3.776480000000002,True
CHEMBL3691756,Active,8.905878404159438,COc1ncc(-n2nc3c(c2C(C)C)C(c2ccc(C#N)cc2)N(c2cc(Cl)c[nH]c2=O)C3=O)c(OC)n1,531.142179864,9,1,3.7660800000000023,True
CHEMBL3691758,Active,8.839531468880962,COc1ncc(-n2nc3c(c2C(C)C)C(c2ccc(C#N)cc2)N(c2cc(Cl)cn(C)c2=O)C3=O)c(OC)n1,545.157829928,10,0,3.776480000000003,True
CHEMBL3691782,Active,9.415668775632469,COc1ncc(-n2nc3c(c2C(C)C)C(c2ccc(Cl)c(F)c2)N(c2cc(Cl)c(=O)n(C)c2)C3=O)c(OC)n1,572.1141867959999,9,0,4.697300000000004,True
CHEMBL3691783,Active,9.2572748686953,COc1ncc(-n2nc3c(c2C(C)C)C(c2ccc(Cl)c(F)c2)N(c2cc(Cl)cn(C)c2=O)C3=O)c(OC)n1,572.1141867959999,9,0,4.697300000000004,True
CHEMBL3691751,Active,9.75448733218585,COc1ncc(-n2nc3c(c2C(C)C)C(c2ccc(Cl)cc2)N(c2c[nH]c(=O)c(Cl)c2)C3=O)c(OC)n1,540.107958544,8,1,4.547800000000003,True
CHEMBL3691794,Active,8.671620396561263,COc1ncc(-n2nc3c(c2C(C)C)C(c2ccc(Cl)cc2)N(c2cc(C)cn(C)c2=O)C3=O)c(OC)n1,534.178231024,9,0,4.213220000000003,True
CHEMBL3691760,Active,9.343901797987169,COc1ncc(-n2nc3c(c2C(C)C)C(c2ccc(Cl)cc2)N(c2cc(Cl)c(=O)n(C)c2)C3=O)c(OC)n1,554.1236086079999,9,0,4.558200000000004,True
CHEMBL3691748,Active,9.6345120151091,COc1ncc(-n2nc3c(c2C(C)C)C(c2ccc(Cl)cc2)N(c2cc(Cl)c[nH]c2=O)C3=O)c(OC)n1,540.107958544,8,1,4.547800000000003,True
CHEMBL3691741,Active,9.275724130399212,COc1ncc(-n2nc3c(c2C(C)C)C(c2ccc(Cl)cc2)N(c2cc(Cl)cn(C)c2=O)C3=O)c(OC)n1,554.1236086079999,9,0,4.558200000000004,True
CHEMBL3691728,Active,9.346787486224656,COc1ncc(-n2nc3c(c2C(C)C)C(c2ccc(Cl)cc2C)N(c2cc(Cl)c(=O)n(C)c2)C3=O)c(OC)n1,568.139258672,9,0,4.866620000000005,True
CHEMBL3691742,Active,9.45842075605342,COc1ncc(-n2nc3c(c2C(C)C)C(c2ccc(Cl)cc2C)N(c2cc(Cl)cn(C)c2=O)C3=O)c(OC)n1,568.139258672,9,0,4.866620000000005,True
CHEMBL3691780,Active,8.962972120244226,COc1ncc(-n2nc3c(c2C(C)C)C(c2ccc(Cl)cc2F)N(c2cc(Cl)c(=O)n(C)c2)C3=O)c(OC)n1,572.1141867959999,9,0,4.697300000000004,True
CHEMBL3691781,Active,8.842543231865774,COc1ncc(-n2nc3c(c2C(C)C)C(c2ccc(Cl)cc2F)N(c2cc(Cl)cn(C)c2=O)C3=O)c(OC)n1,572.1141867959999,9,0,4.697300000000004,True
CHEMBL3691773,Inactive,6.573863011213576,COc1ncc(-n2nc3c(c2C(C)C)[C@@H](c2ccc(Cl)cc2)N(c2cc(Cl)c(=O)n(C)c2)C3=O)c(OC)n1,554.1236086079999,9,0,4.558200000000004,True
CHEMBL3691763,Active,7.828858848971618,COc1ncc(-n2nc3c(c2C(C)C)[C@@H](c2ccc(Cl)cc2)N(c2cc(Cl)c[nH]c2=O)C3=O)c(OC)n1,540.107958544,8,1,4.547800000000003,True
CHEMBL3691750,Inactive,6.953465817249031,COc1ncc(-n2nc3c(c2C(C)C)[C@@H](c2ccc(Cl)cc2C)N(c2cc(Cl)c(=O)n(C)c2)C3=O)c(OC)n1,568.139258672,9,0,4.866620000000005,True
CHEMBL3691772,Active,9.368049173740784,COc1ncc(-n2nc3c(c2C(C)C)[C@H](c2ccc(Cl)cc2)N(c2cc(Cl)c(=O)n(C)c2)C3=O)c(OC)n1,554.1236086079999,9,0,4.558200000000004,True
CHEMBL3691764,Active,9.79317412396815,COc1ncc(-n2nc3c(c2C(C)C)[C@H](c2ccc(Cl)cc2)N(c2cc(Cl)c[nH]c2=O)C3=O)c(OC)n1,540.107958544,8,1,4.547800000000003,True
CHEMBL3691749,Active,9.61798295742513,COc1ncc(-n2nc3c(c2C(C)C)[C@H](c2ccc(Cl)cc2C)N(c2cc(Cl)c(=O)n(C)c2)C3=O)c(OC)n1,568.139258672,9,0,4.866620000000005,True
CHEMBL3693975,Active,7.187086643357144,CS(=O)(=O)NC(=O)[C@@H]1NC2(CCCCC2)[C@@]2(C(=O)Nc3cc(Cl)ccc32)[C@H]1c1cccc(Cl)c1F,539.084860828,5,3,3.8567000000000027,True
CHEMBL3650006,Active,9.0,CS(=O)(=O)NC(=O)c1cc2nc(N3CCO[C@@H]4CCC[C@H]43)n(C[C@H]3CC[C@H](C)CC3)c2c(-c2cncc(Cl)c2)n1,586.21290228,9,1,4.420100000000003,True
CHEMBL3933428,Active,9.0,CS(=O)(=O)NC(=O)c1cc2nc(N3CCO[C@H]4CCC[C@@H]43)n(C[C@H]3CC[C@H](C)CC3)c2c(-c2cncc(Cl)c2)n1,586.21290228,9,1,4.420100000000003,True
CHEMBL513108,Inactive,3.99439055463972,CSC1=C(CCN)c2nc3ccccc3c3ccnc(c23)C1=O,321.0935831,5,1,3.4022000000000014,True
CHEMBL1688289,Inactive,3.7569619513137056,CSc1ccc(CN2C(=O)c3ccccc3C2(OCC2(CO)CC2)c2ccc(Cl)cc2)cc1,479.13219237199996,4,1,5.708100000000006,True
CHEMBL3125699,Active,9.045757490560677,C[C@@H](CS(C)(=O)=O)N1C(=O)[C@@](C)(CC(=O)O)C[C@H](c2cccc(Cl)c2)[C@H]1c1ccc(Cl)cc1,511.09869932400005,4,1,4.964700000000004,True
CHEMBL4165669,Inactive,6.164309428507575,C[C@@H](NC(=O)[C@H](CC(=O)O)NC(=O)CNC(=O)c1cccc(NC(=N)N)c1)c1ccccc1,454.1964679320001,5,7,0.5586700000000014,True
CHEMBL1688285,Inactive,5.050609993355087,C[C@@H](c1ccc(Cl)cc1)N1C(=O)c2ccccc2C1(OCC1(CO)CC1)c1ccc(Cl)cc1,481.12114901999996,3,1,6.200600000000007,True
CHEMBL1688262,Inactive,6.0533021627542585,C[C@@H](c1ccc(Cl)cc1)N1C(=O)c2ccccc2C1(OCCCCO)c1ccc(Cl)cc1,469.12114901999996,3,1,6.200600000000007,True
CHEMBL3649955,Active,7.958607314841775,C[C@@H]1CN(C(=O)C2(C)COC2)C[C@@H](C)N1c1nc2cc(-c3noc(=O)[nH]3)nc(-c3cncc(Cl)c3)c2n1C[C@H]1CC[C@H](C)CC1,634.278279408,10,1,4.778400000000004,True
CHEMBL3649931,Active,8.301029995663981,C[C@@H]1CN(C(=O)C2CC2)CCN1c1nc2cc(-c3noc(=O)[nH]3)nc(-c3cncc(Cl)c3)c2n1C[C@H]1CC[C@H](C)CC1,590.25206466,9,1,4.763400000000004,True
CHEMBL3649957,Active,8.397940008672037,C[C@@H]1CN(C(=O)C2COC2)C[C@@H](C)N1c1nc2cc(-c3noc(=O)[nH]3)nc(-c3cncc(Cl)c3)c2n1C[C@H]1CC[C@H](C)CC1,620.2626293440001,10,1,4.388300000000004,True
CHEMBL3649950,Active,9.0,C[C@@H]1CN(C(=O)N(C)C)C[C@@H](C)N1c1nc2cc(-c3noc(=O)[nH]3)nc(-c3cncc(Cl)c3)c2n1C[C@H]1CC[C@H](C)CC1,607.278613756,9,1,4.896900000000004,True
CHEMBL3649857,Active,7.958607314841775,C[C@@H]1CN(C)C(=O)CN1c1nc2cc(-c3noc(=O)[nH]3)nc(-c3cncc(Cl)c3)c2n1C[C@H]1CC[C@H](C)CC1,550.220764532,9,1,3.9832000000000027,True
CHEMBL3649933,Active,8.522878745280337,C[C@@H]1CN(S(C)(=O)=O)C[C@@H](C)N1c1nc2cc(-c3noc(=O)[nH]3)nc(-c3cncc(Cl)c3)c2n1C[C@H]1CC[C@H](C)CC1,614.21905028,10,1,4.174900000000004,True
CHEMBL3647068,Active,8.397940008672037,C[C@@H]1COCCN1c1nc2cc(-c3noc(=O)[nH]3)nc(-c3cncc(Cl)c3)c2n1C[C@H]1CC[C@H](C)CC1,523.2098655000001,9,1,4.541400000000003,True
CHEMBL3647065,Active,8.154901959985743,C[C@@H]1COC[C@@H](C)N1c1nc2cc(-c3n[nH]c(=O)o3)nc(-c3cncc(Cl)c3)c2n1C[C@H]1CC[C@H](C)CC1,537.225515564,9,1,4.929900000000004,True
CHEMBL3647064,Active,8.698970004336019,C[C@@H]1COC[C@@H](C)N1c1nc2cc(-c3noc(=O)[nH]3)nc(-c3cncc(Cl)c3)c2n1C[C@H]1CC[C@H](C)CC1,537.225515564,9,1,4.929900000000004,True
CHEMBL3649831,Active,8.221848749616356,C[C@@H]1C[C@@H](O)CN1c1nc2cc(-c3noc(=O)[nH]3)nc(-c3cncc(Cl)c3)c2n1C[C@H]1CC[C@H](C)CC1,523.2098655000001,9,2,4.275800000000004,True
CHEMBL4173588,Inactive,6.568636235841013,C[C@H](NC(=O)[C@H](CC(=O)O)NC(=O)CNC(=O)c1cccc(NC(=N)N)c1)c1ccccc1,454.1964679320001,5,7,0.5586700000000014,True
CHEMBL182051,Inactive,4.522878745280337,C[C@H](c1ccc(Cl)cc1)N(C(=O)/C=C/c1ccccc1)[C@H](C(N)=O)c1ccc(Cl)cc1,452.105833304,2,1,5.823000000000004,True
CHEMBL1688284,Inactive,5.055517327849831,C[C@H](c1ccc(Cl)cc1)N1C(=O)c2ccccc2C1(OCC1(CO)CC1)c1ccc(Cl)cc1,481.12114901999996,3,1,6.200600000000007,True
CHEMBL1688263,Inactive,5.6020599913279625,C[C@H](c1ccc(Cl)cc1)N1C(=O)c2ccccc2C1(OCCCCO)c1ccc(Cl)cc1,469.12114901999996,3,1,6.200600000000007,True
CHEMBL378662,Inactive,5.809668301829708,C[C@H](c1ccc(Cl)cc1N)N1C(=O)c2cc(I)ccc2N(C(=O)CN2CCNCC2)C(=O)[C@@H]1c1ccc(Cl)cc1,691.061393116,6,2,4.903300000000004,True
CHEMBL3649890,Active,7.853871964321762,C[C@H]1CC[C@H](Cn2c(N3C4CCC3C(O)C4)nc3cc(-c4noc(=O)[nH]4)nc(-c4cncc(Cl)c4)c32)CC1,535.2098655000001,9,2,4.418300000000004,True
CHEMBL3649873,Active,7.721246399047171,C[C@H]1CC[C@H](Cn2c(N3CCC34COC4)nc3cc(-c4noc(=O)[nH]4)nc(-c4cncc(Cl)c4)c32)CC1,521.194215436,9,1,4.2954000000000025,True
CHEMBL3649849,Active,9.0,C[C@H]1CC[C@H](Cn2c(N3CCCC3c3cnn[nH]3)nc3cc(-c4noc(=O)[nH]4)nc(-c4cncc(Cl)c4)c32)CC1,560.216347848,10,2,4.775900000000004,True
CHEMBL3650013,Active,8.0,C[C@H]1CC[C@H](Cn2c(N3CCC[C@H]3CF)nc3cc(-c4n[nH]c(=O)[nH]4)nc(-c4cncc(Cl)c4)c32)CC1,524.2215134800001,7,2,4.989700000000004,True
CHEMBL3649833,Active,8.522878745280337,C[C@H]1CC[C@H](Cn2c(N3CCC[C@H]3CF)nc3cc(C(=O)O)nc(-c4cncc(Cl)c4)c32)CC1,485.19938106800004,6,1,5.609500000000005,True
CHEMBL3649816,Active,7.366531544420414,C[C@H]1CC[C@H](Cn2c(N3CCOC4CC43)nc3cc(-c4noc(=O)[nH]4)nc(-c4cncc(Cl)c4)c32)CC1,521.194215436,9,1,4.293800000000003,True
CHEMBL3649906,Active,7.67778070526608,C[C@H]1CC[C@H](Cn2c(N3CCOC4CCOCC43)nc3cc(-c4noc(=O)[nH]4)nc(-c4cncc(Cl)c4)c32)CC1,565.220430184,10,1,4.310400000000003,True
CHEMBL3649836,Active,7.5376020021010435,C[C@H]1CC[C@H](Cn2c(N3CCOC4COCC43)nc3cc(-c4noc(=O)[nH]4)cc(-c4cncc(Cl)c4)c32)CC1,550.209531152,9,1,4.525300000000003,True
CHEMBL3649907,Active,7.2262135550188065,C[C@H]1CC[C@H](Cn2c(N3CCOC4COCC43)nc3cc(-c4noc(=O)[nH]4)nc(-c4cncc(Cl)c4)c32)CC1,551.20478012,10,1,3.920300000000003,True
CHEMBL3653330,Inactive,6.950781977329818,C[C@H]1CC[C@H](Cn2c(N3CCOC[C@H]3c3ccccc3)nc3cc(-c4noc(=O)[nH]4)nc(-c4cccnn4)c32)CC1,552.2597368840001,10,1,4.635800000000003,True
CHEMBL3653329,Active,7.142667503568731,C[C@H]1CC[C@H](Cn2c(N3CCOC[C@H]3c3ccccc3)nc3cc(-c4noc(=O)[nH]4)nc(-c4ccnnc4)c32)CC1,552.2597368840001,10,1,4.635800000000003,True
CHEMBL3653328,Inactive,6.924453038607469,C[C@H]1CC[C@H](Cn2c(N3CCOC[C@H]3c3ccccc3)nc3cc(-c4noc(=O)[nH]4)nc(-c4cnccn4)c32)CC1,552.2597368840001,10,1,4.635800000000003,True
CHEMBL3653327,Active,7.187086643357144,C[C@H]1CC[C@H](Cn2c(N3CCOC[C@H]3c3ccccc3)nc3cc(-c4noc(=O)[nH]4)nc(-c4cncnc4)c32)CC1,552.2597368840001,10,1,4.635800000000003,True
CHEMBL3653322,Active,8.698970004336019,C[C@H]1CC[C@H](Cn2c(N3CCO[C@@H]4CCC[C@H]43)nc3cc(-c4noc(=O)[nH]4)nc(-c4cc(Cl)c[nH]c4=O)c32)CC1,565.220430184,9,2,4.367300000000003,True
CHEMBL3654189,Inactive,6.29073003902417,C[C@H]1CC[C@H](Cn2c(N3CCO[C@@H]4CNCC[C@H]43)nc3cc(-c4noc(=O)[nH]4)nc(-c4cncc(Cl)c4)c32)CC1,564.236414596,10,2,3.8834000000000035,True
CHEMBL3984644,Active,8.698970004336019,C[C@H]1CC[C@H](Cn2c(N3CCO[C@H]4CCC[C@@H]43)nc3cc(-c4nc(=O)o[nH]4)nc(-c4cc(Cl)cnc4O)c32)CC1,565.220430184,10,2,4.779600000000005,True
CHEMBL3649919,Active,7.397940008672037,C[C@H]1CC[C@H](Cn2c(Nc3ccccn3)nc3cc(C(=O)O)nc(-c4cncc(Cl)c4)c32)CC1,476.17275172,7,2,5.8098000000000045,True
CHEMBL3952603,Active,7.958607314841775,C[C@H]1CN(C(=O)C2(C)COC2)C[C@H](C)N1c1nc2cc(-c3nc(=O)o[nH]3)nc(-c3cncc(Cl)c3)c2n1C[C@H]1CC[C@H](C)CC1,634.278279408,10,1,4.778400000000004,True
CHEMBL3978215,Active,8.301029995663981,C[C@H]1CN(C(=O)C2CC2)CCN1c1nc2cc(-c3nc(=O)o[nH]3)nc(-c3cncc(Cl)c3)c2n1C[C@H]1CC[C@H](C)CC1,590.25206466,9,1,4.763400000000004,True
CHEMBL3933691,Active,8.397940008672037,C[C@H]1CN(C(=O)C2COC2)C[C@H](C)N1c1nc2cc(-c3nc(=O)o[nH]3)nc(-c3cncc(Cl)c3)c2n1C[C@H]1CC[C@H](C)CC1,620.2626293440001,10,1,4.388300000000004,True
CHEMBL3958237,Active,9.0,C[C@H]1CN(C(=O)N(C)C)C[C@H](C)N1c1nc2cc(-c3nc(=O)o[nH]3)nc(-c3cncc(Cl)c3)c2n1C[C@H]1CC[C@H](C)CC1,607.278613756,9,1,4.896900000000004,True
CHEMBL3898360,Active,7.958607314841775,C[C@H]1CN(C)C(=O)CN1c1nc2cc(-c3nc(=O)o[nH]3)nc(-c3cncc(Cl)c3)c2n1C[C@H]1CC[C@H](C)CC1,550.220764532,9,1,3.9832000000000027,True
CHEMBL3894230,Active,8.522878745280337,C[C@H]1CN(S(C)(=O)=O)C[C@H](C)N1c1nc2cc(-c3nc(=O)o[nH]3)nc(-c3cncc(Cl)c3)c2n1C[C@H]1CC[C@H](C)CC1,614.21905028,10,1,4.174900000000004,True
CHEMBL3944856,Active,8.397940008672037,C[C@H]1COCCN1c1nc2cc(-c3nc(=O)o[nH]3)nc(-c3cncc(Cl)c3)c2n1C[C@H]1CC[C@H](C)CC1,523.2098655000001,9,1,4.541400000000003,True
CHEMBL3647069,Inactive,6.977434172101258,C[C@H]1COC[C@H](C)N1c1nc2cc(-c3noc(=O)[nH]3)nc(-c3cncc(Cl)c3)c2n1C[C@H]1CC[C@H](C)CC1,537.225515564,9,1,4.929900000000004,True
CHEMBL3938767,Active,8.221848749616356,C[C@H]1C[C@H](O)CN1c1nc2cc(-c3nc(=O)o[nH]3)nc(-c3cncc(Cl)c3)c2n1C[C@H]1CC[C@H](C)CC1,523.2098655000001,9,2,4.275800000000004,True
CHEMBL3318767,Active,10.017728766960431,C[C@]1(CC(=O)O)C[C@H](c2cccc(Cl)c2)[C@@H](c2ccc(Cl)cc2)N([C@H](CS(=O)(=O)N2CCOCC2)C2CC2)C1=O,608.1514631680001,5,1,4.972200000000005,True
CHEMBL3355428,Inactive,6.402304814074488,C[C@]1(O)C[C@@H](NC(=O)[C@@H]2NC3(CCC3)[C@@]3(C(=O)Nc4cc(Cl)ccc43)[C@H]2c2cccc(Cl)c2F)C1,517.133525272,4,4,4.030300000000002,True
CHEMBL3355427,Inactive,5.124649303420711,C[C@]1(O)C[C@@H](NC(=O)[C@@H]2NC3(CCC3)[C@]3(C(=O)Nc4cc(Cl)ccc43)[C@H]2c2cccc(Cl)c2F)C1,517.133525272,4,4,4.030300000000002,True
CHEMBL3355429,Active,7.698970004336019,C[C@]1(O)C[C@@H](NC(=O)[C@@H]2NC3(CCCCC3)[C@@]3(C(=O)Nc4cc(Cl)ccc43)[C@H]2c2cccc(Cl)c2F)C1,545.1648254,4,4,4.810500000000004,True
CHEMBL3291437,Inactive,6.2441251443275085,Cc1[nH]c(-c2ccccc2)c(-c2ccccc2)c1-c1ccc(C#N)c(=O)[nH]1,351.137162164,2,2,4.884100000000004,True
CHEMBL3291217,Inactive,6.00436480540245,Cc1[nH]c(-c2ccccc2)c(-c2ccccc2)c1-c1ccn[nH]1,299.14224754400004,1,2,5.047220000000004,True
CHEMBL3291433,Inactive,6.356547323513812,Cc1[nH]c(-c2ccccc2)c(-c2ccccc2)c1-c1ccnc2[nH]c(=S)[nH]c(=O)c12,410.12013219600004,3,3,5.618210000000004,True
CHEMBL3291220,Inactive,6.040958607678906,Cc1[nH]c(-c2ccccc2)c(-c2ccccc2)c1-c1ccnc2c(C#N)cnn12,375.1483955440001,4,1,5.238500000000005,True
CHEMBL3286447,Inactive,6.443697499232712,Cc1[nH]c(-c2ccccc2)c(-c2ccccc2)c1-c1ccnc2nc3ccccc3n12,400.16879664000004,3,1,6.520020000000005,True
CHEMBL3291221,Inactive,6.050609993355087,Cc1[nH]c(-c2ccccc2)c(-c2ccccc2)c1-c1ccnc2ncnn12,351.1483955440001,4,1,4.761820000000004,True
CHEMBL3291222,Inactive,6.075720713938118,Cc1[nH]c(-c2ccccc2)c(-c2ccccc2)c1-c1ccnc2nnnn12,352.1436445120001,5,1,4.156820000000003,True
CHEMBL3291218,Inactive,6.013228265733755,Cc1[nH]c(-c2ccccc2)c(-c2ccccc2)c1-c1ccnn1-c1ccccc1,375.17354767200004,2,1,6.509820000000006,True
CHEMBL3291219,Inactive,6.026872146400302,Cc1[nH]c(-c2ccccc2)c(-c2ccccc2)c1-c1ccon1,300.126263132,2,1,5.312120000000004,True
CHEMBL3220312,Active,7.764471553092451,Cc1c(Cl)ccc2c(/C=C3\NC(=O)N(C(C(=O)NC(CO)CO)c4ccc(F)c(F)c4)C3=O)c[nH]c12,518.116853892,5,5,2.5113199999999996,True
CHEMBL5267044,Active,7.481486060122112,Cc1c(Cl)ccc2c(/C=C3\NC(=O)N(Cc4ccc(F)c(F)c4)C3=O)c[nH]c12,401.074260808,2,2,4.500820000000002,True
CHEMBL5204846,Active,7.761953896871204,Cc1c(Cl)ccc2cc(/C=C3\NC(=O)N(C(C(=O)NC(CO)CO)c4ccc(F)c(F)c4)C3=O)[nH]c12,518.116853892,5,5,2.5113200000000004,True
CHEMBL3220087,Inactive,5.481486060122113,Cc1cc(/C=C2\C(=O)NC(=S)N(c3ccccc3)C2=O)c(C)n1-c1ccc(Cl)cc1,435.080825496,4,1,4.578840000000004,True
CHEMBL3220086,Inactive,6.142667503568731,Cc1cc(C=C2C(=O)NC(=S)NC2=O)c(C)n1-c1ccc(Cl)cc1,359.049525368,4,2,2.6618400000000007,True
CHEMBL3691712,Active,8.07132256220391,Cc1cc(Cl)ccc1C1c2c(nn(C3CC3)c2C(C)C)C(=O)N1c1cccc(Cl)c1F,457.112395904,3,0,6.845520000000005,True
CHEMBL3687247,Active,8.522878745280337,Cc1cc(Cl)ccc1C1c2c(nn(CC(=O)N3CCN(C)C(=O)C3)c2C(C)C)C(=O)N1c1cc(Cl)ccc1C,567.1803952119999,5,0,4.980540000000005,True
CHEMBL3687246,Active,8.356547323513812,Cc1cc(Cl)ccc1C1c2c(nn(CC(=O)N3CCNC(=O)C3)c2C(C)C)C(=O)N1c1cc(Cl)ccc1C,553.164745148,5,1,4.638340000000004,True
CHEMBL3687269,Active,8.397940008672037,Cc1cc(Cl)ccc1C1c2c(nn(CC(C)(C)O)c2C(C)C)C(=O)N1c1cccc(Cl)c1F,489.138610652,4,1,6.281520000000005,True
CHEMBL3687251,Active,8.657577319177793,Cc1cc(Cl)ccc1C1c2c(nn(CC(O)CO)c2C(C)C)C(=O)N1c1cc(Cl)ccc1C,487.142947084,5,2,5.033140000000004,True
CHEMBL3687267,Active,8.602059991327963,Cc1cc(Cl)ccc1C1c2c(nn(CC3CCCO3)c2C(C)C)C(=O)N1c1cc(Cl)ccc1C,497.163682528,4,0,6.858940000000006,True
CHEMBL3687301,Active,7.806875401645538,Cc1cc(Cl)ccc1C1c2c(nn(CCC#N)c2C(C)C)C(=O)N1c1cccc(Cl)c1F,470.107644872,4,0,6.424300000000004,True
CHEMBL3687229,Active,8.05551732784983,Cc1cc(Cl)ccc1C1c2c(nn(CCC(C)C)c2C(C)C)C(=O)N1c1cccc(Cl)c1F,487.159346096,3,0,7.556720000000006,True
CHEMBL3687264,Active,7.920818753952375,Cc1cc(Cl)ccc1C1c2c(nn(CCC(C)C)c2C2CC2)C(=O)N1c1cccc(Cl)c1F,485.143696032,3,0,7.310720000000005,True
CHEMBL3687265,Active,8.221848749616356,Cc1cc(Cl)ccc1C1c2c(nn(CCCO)c2C(C)C)C(=O)N1c1cccc(Cl)c1F,475.122960588,4,1,5.893020000000004,True
CHEMBL3687255,Active,8.09151498112135,Cc1cc(Cl)ccc1C1c2c(nn(CCN(C)C)c2C(C)C)C(=O)N1c1cccc(Cl)c1F,488.154595064,4,0,6.072220000000005,True
CHEMBL3687306,Active,8.585026652029182,Cc1cc(Cl)ccc1C1c2c(nn(CCO)c2C(C)C)C(=O)N1c1cc(Cl)ccc1C,457.13238240000004,4,1,5.672240000000006,True
CHEMBL3687302,Active,8.387216143280265,Cc1cc(Cl)ccc1C1c2c(nn(CCO)c2C(C)C)C(=O)N1c1ccc(F)c(Cl)c1,461.107310524,4,1,5.502920000000005,True
CHEMBL3687280,Active,8.229147988357855,Cc1cc(Cl)ccc1C1c2c(nn(CCO)c2C(C)C)C(=O)N1c1cccc(Cl)c1F,461.107310524,4,1,5.502920000000004,True
CHEMBL3687308,Active,7.634512015109101,Cc1cc(Cl)ccc1C1c2c(nn(CCO)c2C2CC2)C(=O)N1c1cccc(Cl)c1F,459.09166046,4,1,5.256920000000004,True
CHEMBL3687304,Active,8.2518119729938,Cc1cc(Cl)ccc1C1c2c(nn(CCO)c2C2CCC2)C(=O)N1c1cccc(Cl)c1F,473.107310524,4,1,5.647020000000004,True
CHEMBL3691736,Inactive,5.680706515894721,Cc1cc(Cl)ccc1[C@@H]1c2c(nn(CCO)c2C(C)C)C(=O)N1c1cccc(Cl)c1F,461.107310524,4,1,5.502920000000004,True
CHEMBL3691735,Active,8.585026652029182,Cc1cc(Cl)ccc1[C@H]1c2c(nn(CCO)c2C(C)C)C(=O)N1c1cccc(Cl)c1F,461.107310524,4,1,5.502920000000004,True
CHEMBL3703656,Inactive,4.3872161432802645,Cc1cc(Cl)cnc1NC(c1cc(C(F)(F)F)ccc1Cl)c1ccc2cccnc2c1O,477.062252152,4,2,7.170920000000004,True
CHEMBL3703665,Inactive,4.619788758288394,Cc1cc(NC(c2cc(Cl)ccc2Cl)c2ccc3cccnc3c2O)ncc1F,427.065445712,4,2,6.291220000000004,True
CHEMBL3703664,Inactive,4.886056647693163,Cc1cc(NC(c2ccccc2Cl)c2ccc3cccnc3c2O)ncc1F,393.1044180640001,4,2,5.637820000000004,True
CHEMBL3627743,Inactive,4.615109203469446,Cc1ccc(-c2cn(CCC[C@H](NC(=O)OCC3c4ccccc4-c4ccccc43)C(=O)O)nn2)cc1,496.211055376,6,2,5.0256200000000035,True
CHEMBL3220094,Inactive,5.075720713938118,Cc1ccc(-n2c(C)cc(/C=C3\C(=O)NC(=S)N(c4ccccc4)C3=O)c2C)cc1,415.13544791199996,4,1,4.233860000000003,True
CHEMBL3220095,Inactive,5.327902142064283,Cc1ccc(-n2c(C)cc(C=C3C(=O)NC(=S)NC3=O)c2C)cc1,339.10414778399996,4,2,2.31686,True
CHEMBL2443390,Inactive,4.494850021680094,Cc1ccc(-n2c3nc(=O)[nH]c(=O)c-3cc3cccc(C(F)(F)F)c32)cc1,371.08816128399997,4,1,3.506020000000002,True
CHEMBL3703677,Inactive,4.769551078621726,Cc1ccc(C)c(C(Nc2cccnc2)c2cc(Cl)c3cccnc3c2O)c1,389.12948994,4,2,5.807140000000004,True
CHEMBL1688142,Inactive,4.823908740944319,Cc1ccc(CN2C(=O)c3ccccc3C2(O)c2ccc(Cl)cc2)cc1,363.102606496,2,1,4.4978200000000035,True
CHEMBL1688282,Inactive,5.638272163982407,Cc1ccc(CN2C(=O)c3ccccc3C2(OCC2(CO)CC2)c2ccc(Cl)cc2)cc1,447.160121372,3,1,5.294620000000006,True
CHEMBL1688256,Inactive,5.853871964321762,Cc1ccc(CN2C(=O)c3ccccc3C2(O[C@H]2C=C[C@@H](O)C2)c2ccc(Cl)cc2)cc1,445.144471308,3,1,5.2115200000000055,True
CHEMBL3260810,Active,7.958607314841775,Cc1ccc(Cl)cc1-n1c(-c2ccccc2)nc(C(=O)O)c1-c1cccc(Cl)c1,422.05888311199993,3,1,6.519720000000005,True
CHEMBL3653234,Active,8.684029654543082,Cc1ccc(Cl)cc1N1C(=O)c2nc(-c3ccccc3O)n(C(C)C)c2C1c1ccc(C#N)cc1,482.15095365600007,5,1,6.4199000000000055,True
CHEMBL3647045,Active,8.397940008672037,Cc1ccc(Cn2c(-c3cc(C(C)C)ccn3)nc3cc(C(=O)O)nc(N[C@H](C)C4CCC4)c32)cc1,483.26342529600004,6,2,6.2721200000000055,True
CHEMBL3675217,Inactive,5.835647144215563,Cc1ccc2c(c1)C(=O)N(Cc1ccc([N+](=O)[O-])cc1)C2(O)c1ccc(Cl)cc1,408.087684704,4,1,4.406020000000003,True
CHEMBL3675207,Inactive,5.29413628771608,Cc1ccc2c(c1)C(O)(c1ccc(Cl)cc1)N(Cc1ccc([N+](=O)[O-])cc1)C2=O,408.08768470399997,4,1,4.406020000000003,True
CHEMBL1834375,Inactive,6.308034897232639,Cc1ccc2c(c1)C(OCC1(CO)CC1)(c1ccc(Cl)cc1)N(Cc1ccc([N+](=O)[O-])cc1)C2=O,492.14519958,5,1,5.202820000000005,True
CHEMBL3260812,Active,8.096910013008056,Cc1cccc(-c2nc(C(=O)O)c(-c3cccc(Cl)c3)n2-c2cc(Cl)ccc2C)c1,436.074533176,3,1,6.828140000000004,True
CHEMBL2443391,Inactive,5.075720713938118,Cc1cccc(-n2c3nc(=O)[nH]c(=O)c-3cc3cccc(C(F)(F)F)c32)c1,371.08816128399997,4,1,3.506020000000002,True
CHEMBL3703678,Inactive,5.366531544420414,Cc1cccc(NC(c2ccc(C(F)(F)F)cc2)c2ccc3cccnc3c2O)n1,409.140196856,4,2,5.864120000000004,True
CHEMBL3703660,Inactive,5.221848749616356,Cc1cccc(NC(c2ccc(Cl)c(Cl)c2)c2ccc3ccc(C)nc3c2O)n1,423.090517588,4,2,6.460540000000004,True
CHEMBL3703647,Inactive,5.026872146400302,Cc1cccc(NC(c2ccc(OC(F)(F)F)cc2)c2ccc3cccnc3c2O)n1,425.135111476,5,2,5.743920000000005,True
CHEMBL3703661,Inactive,4.795880017344075,Cc1cccc(NC(c2ccc3ccc(C)nc3c2O)c2c(Cl)cccc2Cl)n1,423.090517588,4,2,6.460540000000004,True
CHEMBL3703653,Inactive,5.2839966563652006,Cc1cccc(NC(c2ccc3cccnc3c2O)c2c(F)c(F)cc(F)c2F)n1,413.11512498,4,2,5.401720000000003,True
CHEMBL3703648,Inactive,4.7447274948966935,Cc1cccc(NC(c2cccc(C(F)(F)F)c2)c2ccc3cccnc3c2O)n1,409.140196856,4,2,5.864120000000004,True
CHEMBL3703649,Inactive,4.853871964321762,Cc1cccc(NC(c2cccc(Cl)c2Cl)c2ccc3cccnc3c2O)n1,409.074867524,4,2,6.152120000000004,True
CHEMBL3675206,Inactive,5.161150909262744,Cc1cccc2c1C(=O)N(Cc1ccc([N+](=O)[O-])cc1)C2(O)c1ccc(Cl)cc1,408.087684704,4,1,4.406020000000003,True
CHEMBL3675205,Inactive,5.657577319177793,Cc1cccc2c1C(O)(c1ccc(Cl)cc1)N(Cc1ccc([N+](=O)[O-])cc1)C2=O,408.08768470399997,4,1,4.406020000000003,True
CHEMBL1834373,Inactive,6.562249437179612,Cc1cccc2c1C(OCC1(CO)CC1)(c1ccc(Cl)cc1)N(Cc1ccc([N+](=O)[O-])cc1)C2=O,492.14519958,5,1,5.202820000000005,True
CHEMBL3112895,Inactive,5.443697499232712,Cc1ccnc(NC(c2ccc(Cl)c(Cl)c2)c2ccc3cccnc3c2O)c1,409.074867524,4,2,6.152120000000005,True
CHEMBL2094874,Inactive,5.698970004336019,Cc1ccnc(NC(c2ccc3cccnc3c2O)c2sccc2C)c1,361.124883228,5,2,5.215240000000004,True
CHEMBL524251,Inactive,5.356547323513812,Cc1ccnc(NC(c2cccc(Cl)c2Cl)c2ccc3cccnc3c2O)c1,409.074867524,4,2,6.152120000000005,True
CHEMBL3703650,Inactive,5.036212172654444,Cc1ccnc(NC(c2ccccc2Cl)c2ccc3cccnc3c2O)c1,375.113839876,4,2,5.498720000000004,True
CHEMBL3653323,Active,8.698970004336019,Cc1cncc(-c2nc(-c3noc(=O)[nH]3)cc3nc(N4CCO[C@@H]5CCC[C@H]54)n(C[C@H]4CC[C@H](C)CC4)c23)c1,529.28013798,9,1,4.729020000000005,True
CHEMBL3653324,Inactive,6.851808803757988,Cc1cncc(-c2nc(-c3noc(=O)[nH]3)cc3nc(N4CCO[C@H]5CCC[C@@H]54)n(C[C@H]4CC[C@H](C)CC4)c23)c1,529.28013798,9,1,4.729020000000005,True
CHEMBL3703671,Inactive,5.0,Cc1nc(NC(c2ccc(Cl)c(Cl)c2)c2ccc3cccnc3c2O)c(Cl)cc1Cl,476.99692282,4,2,7.458920000000004,True
CHEMBL3260817,Active,7.602059991327962,Cc1nnc(-c2nc(C3CCCCC3)n(-c3cccc(Cl)c3F)c2-c2ccc(F)c(Cl)c2)o1,488.09822305999995,5,0,7.530420000000004,True
CHEMBL3260816,Active,8.522878745280337,Fc1ccc(-c2c(-c3nnn[nH]3)nc(C3CCCCC3)n2-c2cccc(Cl)c2F)cc1Cl,474.093806376,5,1,6.352100000000004,True
CHEMBL3220101,Inactive,5.327902142064283,N#Cc1ccc(-n2c(-c3ccccc3)cc(C=C3C(=O)NC(=O)NC3=O)c2-c2ccccc2)cc1,458.13789043599996,5,2,4.432380000000003,True
CHEMBL3220102,Inactive,6.698970004336019,N#Cc1ccc(-n2c(-c3ccccc3)cc(C=C3C(=O)NC(=S)NC3=O)c2-c2ccccc2)cc1,474.11504681599996,5,2,4.597280000000002,True
CHEMBL3675214,Inactive,5.048176964684088,N#Cc1ccc(CN2C(=O)c3c(Cl)cccc3C2(O)c2ccc(Cl)cc2)cc1,408.043233048,3,1,4.714480000000003,True
CHEMBL3675213,Inactive,5.790484985457369,N#Cc1ccc(CN2C(=O)c3cccc(Cl)c3C2(O)c2ccc(Cl)cc2)cc1,408.043233048,3,1,4.714480000000003,True
CHEMBL1834288,Inactive,6.732828271596986,N#Cc1ccc(CN2C(=O)c3cccc(Cl)c3C2(OCC2(CO)CC2)c2ccc(Cl)cc2)cc1,492.10074792399996,4,1,5.5112800000000055,True
CHEMBL1688143,Inactive,5.221848749616356,N#Cc1ccc(CN2C(=O)c3ccccc3C2(O)c2ccc(Cl)cc2)cc1,374.0822054,3,1,4.061080000000003,True
CHEMBL1688277,Inactive,5.745935547085662,N#Cc1ccc(CN2C(=O)c3ccccc3C2(OCC2(CO)CC2)c2ccc(Cl)cc2)cc1,458.139720276,4,1,4.857880000000004,True
CHEMBL1688261,Inactive,5.455931955649724,N#Cc1ccc(CN2C(=O)c3ccccc3C2(OCCCCO)c2ccc(Cl)cc2)cc1,446.139720276,4,1,4.857880000000005,True
CHEMBL3675198,Inactive,5.638272163982407,N#Cc1ccc(CN2C(=O)c3ccccc3C2(O[C@H]2C=C[C@@H](O)C2)c2ccc(Cl)cc2)cc1,456.124070212,4,1,4.774780000000004,True
CHEMBL1688253,Inactive,5.638272163982407,N#Cc1ccc(CN2C(=O)c3ccccc3C2(O[C@H]2CC[C@@H](O)C2)c2ccc(Cl)cc2)cc1,458.139720276,4,1,4.998780000000005,True
CHEMBL4167230,Inactive,6.511449283499556,N=C(N)Nc1cccc(C(=O)NCC(=O)N[C@@H](CC(=O)O)C(=O)NCCc2c[nH]c3ccccc23)c1,493.207366964,5,8,0.5214700000000014,True
CHEMBL4164619,Inactive,6.359518563029578,N=C(N)Nc1cccc(C(=O)NCC(=O)N[C@@H](CC(=O)O)C(=O)NCCc2ccccc2)c1,454.19646793199996,5,7,0.04017000000000226,True
CHEMBL4173995,Inactive,6.204815410317576,N=C(N)Nc1cccc(C(=O)NCC(=O)N[C@@H](CC(=O)O)C(=O)NCc2ccc(Cl)cc2)c1,474.141845516,5,7,0.6510700000000011,True
CHEMBL4162220,Inactive,6.263603497723357,N=C(N)Nc1cccc(C(=O)NCC(=O)N[C@@H](CC(=O)O)C(=O)Nc2cccc3ccccc23)c1,476.18081786799996,5,7,1.4731700000000014,True
CHEMBL3220111,Inactive,5.6020599913279625,NC(=O)C(=Cc1cc(-c2ccccc2)n(-c2ccc(Cl)cc2)c1-c1ccccc1)C(N)=O,441.12440456,3,2,4.818700000000003,True
CHEMBL3260815,Active,7.744727494896693,NC(=O)c1nc(C2CCCCC2)n(-c2cccc(Cl)c2F)c1-c1ccc(F)c(Cl)c1,449.087324028,3,1,6.270900000000005,True
CHEMBL3675203,Inactive,5.609064892896621,NCCCOC1(c2ccc(Cl)cc2)c2ccccc2C(=O)N1Cc1ccc([N+](=O)[O-])cc1,451.12988386399996,5,1,4.470700000000004,True
CHEMBL461462,Inactive,4.23210238398191,NCCc1c2c(c3nccc4c3c1Nc1ccccc1-4)OCS2,321.0935831,5,2,3.902000000000002,True
CHEMBL1688151,Inactive,5.207608310501746,Nc1ccc(CCN2C(=O)c3ccccc3C2(O)c2ccc(Cl)cc2)cc1,378.113505528,3,2,3.8141000000000025,True
CHEMBL4073512,Active,7.298432014944073,Nc1ccc(C[C@H](NC(=O)CC(c2ccccc2)c2ccccc2)C(=O)O)cc1,388.1786926279999,3,3,3.6029000000000018,True
CHEMBL803,Active,7.698970004336019,Nc1ccn([C@@H]2O[C@H](CO)[C@@H](O)[C@@H]2O)c(=O)n1,243.085520516,8,4,-2.563,True
CHEMBL3260818,Active,8.221848749616356,Nc1nnc(-c2nc(C3CCCCC3)n(-c3cccc(Cl)c3F)c2-c2ccc(F)c(Cl)c2)o1,489.093472028,6,1,6.804200000000003,True
CHEMBL4095042,Active,7.185086818724926,O=C(CC(c1ccccc1)c1ccccc1)N[C@@H](Cc1ccc(Cl)cc1)C(=O)O,407.12882124399994,2,2,4.674100000000004,True
CHEMBL4084848,Active,7.6307841425898575,O=C(CC(c1ccccc1)c1ccccc1)N[C@@H](Cc1ccc(O)cc1)C(=O)O,389.16270821599994,3,3,3.726300000000001,True
CHEMBL4064911,Active,8.036212172654444,O=C(CC(c1ccccc1)c1ccccc1)N[C@@H](Cc1ccc(OCc2ccccc2)cc1)C(=O)O,479.20965840799994,3,2,5.599700000000005,True
CHEMBL4100348,Active,7.860120913598763,O=C(CC(c1ccccc1)c1ccccc1)N[C@@H](Cc1ccc([N+](=O)[O-])cc1)C(=O)O,418.1528718039999,4,2,3.9289000000000014,True
CHEMBL4074577,Active,7.366531544420414,O=C(CC(c1ccccc1)c1ccccc1)N[C@@H](Cc1ccccc1)C(=O)O,373.16779359599997,2,2,4.0207000000000015,True
CHEMBL4102803,Active,8.017728766960431,O=C(CC(c1ccccc1)c1ccccc1)N[C@H](Cc1ccc(O)cc1)C(=O)O,389.16270821599994,3,3,3.726300000000001,True
CHEMBL4093562,Active,8.193820026016112,O=C(NC12CC(C(=O)O)(C1)C2)[C@@H]1NC2(CCCCC2)[C@@]2(C(=O)Nc3cc(Cl)ccc32)[C@H]1c1cccc(Cl)c1F,571.144089956,4,4,4.904400000000003,True
CHEMBL3895325,Active,7.378823718224964,O=C(NC1CCC(O)CC1)[C@@H]1NC2(CCCC2)[C@@]2(C(=O)Nc3cc(Cl)ccc32)[C@H]1c1cccc(Cl)c1F,545.1648254,4,4,4.810500000000003,True
CHEMBL4099868,Active,7.684029654543083,O=C(NC1CCS(=O)(=O)CC1)[C@@H]1NC2(CCCCC2)[C@@]2(C(=O)Nc3cc(Cl)ccc32)[C@H]1c1cccc(Cl)c1F,593.1318110200001,5,3,4.474300000000003,True
CHEMBL3355420,Inactive,6.229884705212898,O=C(NCCN1CCOCC1)[C@@H]1NC2(CCC2)[C@@]2(C(=O)Nc3cc(Cl)ccc32)[C@H]1c1cccc(Cl)c1F,546.160074368,5,3,3.4491000000000023,True
CHEMBL3355419,Inactive,5.021545566634772,O=C(NCCN1CCOCC1)[C@@H]1NC2(CCC2)[C@]2(C(=O)Nc3cc(Cl)ccc32)[C@H]1c1cccc(Cl)c1F,546.160074368,5,3,3.4491000000000023,True
CHEMBL3355421,Active,7.67778070526608,O=C(NCCN1CCOCC1)[C@@H]1NC2(CCCCC2)[C@@]2(C(=O)Nc3cc(Cl)ccc32)[C@H]1c1cccc(Cl)c1F,574.191374496,5,3,4.229300000000003,True
CHEMBL3220113,Inactive,4.823908740944319,O=C(NCCO)C(=Cc1cc(-c2ccccc2)n(-c2ccc(Cl)cc2)c1-c1ccccc1)C(=O)NCCO,529.176834056,5,4,4.065100000000004,True
CHEMBL382422,Inactive,5.673664139071248,O=C(NCCO)[C@H](c1ccc(Cl)cc1)N1C(=O)c2cc(I)ccc2NC(=O)[C@@H]1c1ccc(Cl)cc1,622.98755948,4,3,4.583400000000004,True
CHEMBL3355424,Inactive,6.306273051076353,O=C(NCC[C@H](O)CO)[C@@H]1NC2(CCC2)[C@@]2(C(=O)Nc3cc(Cl)ccc32)[C@H]1c1cccc(Cl)c1F,521.1284398920001,5,5,2.8602000000000007,True
CHEMBL3355423,Inactive,5.042967683653061,O=C(NCC[C@H](O)CO)[C@@H]1NC2(CCC2)[C@]2(C(=O)Nc3cc(Cl)ccc32)[C@H]1c1cccc(Cl)c1F,521.1284398920001,5,5,2.8602000000000007,True
CHEMBL3355425,Active,7.522878745280337,O=C(NCC[C@H](O)CO)[C@@H]1NC2(CCCCC2)[C@@]2(C(=O)Nc3cc(Cl)ccc32)[C@H]1c1cccc(Cl)c1F,549.1597400200001,5,5,3.6404000000000014,True
CHEMBL3355414,Inactive,6.826813731587726,O=C(N[C@H]1CC[C@H](O)CC1)[C@@H]1NC2(CCC2)[C@@]2(C(=O)Nc3cc(Cl)ccc32)[C@H]1c1cccc(Cl)c1F,531.149175336,4,4,4.420400000000002,True
CHEMBL3355413,Inactive,5.764724123312948,O=C(N[C@H]1CC[C@H](O)CC1)[C@@H]1NC2(CCC2)[C@]2(C(=O)Nc3cc(Cl)ccc32)[C@H]1c1cccc(Cl)c1F,531.149175336,4,4,4.420400000000002,True
CHEMBL3355415,Active,7.455931955649724,O=C(N[C@H]1CC[C@H](O)CC1)[C@@H]1NC2(CCCC2)[C@@]2(C(=O)Nc3cc(Cl)ccc32)[C@H]1c1cccc(Cl)c1F,545.1648254,4,4,4.810500000000003,True
CHEMBL3693987,Inactive,6.585026652029182,O=C(N[C@H]1CC[C@H](O)CC1)[C@@H]1NC2(CCCCC2)[C@@]2(C(=O)Nc3cc(Cl)ccc32)[C@H]1c1cncc(Cl)c1,542.1851462440001,5,4,4.456500000000002,True
CHEMBL4102664,Active,7.279014255846261,O=C(N[C@H]1CC[C@H](O)CC1)[C@@H]1NC2(CCCCC2)[C@@]2(C(=O)Nc3cc(Cl)ncc32)[C@H]1c1cccc(Cl)c1F,560.1757244319999,5,4,4.595600000000002,True
CHEMBL4084744,Active,7.289036881004725,O=C(N[C@H]1CC[C@H](O)CC1)[C@@H]1NC2(CCCCC2)[C@@]2(C(=O)Nc3nc(Cl)ccc32)[C@H]1c1cccc(Cl)c1F,560.1757244319999,5,4,4.595600000000002,True
CHEMBL4072394,Active,7.245651664288981,O=C(N[C@H]1CC[C@H](O)CC1)[C@@H]1NC2(CCCCC2)[C@@]2(C(=O)Nc3nc(Cl)ncc32)[C@H]1c1cccc(Cl)c1F,561.1709734000001,6,4,3.9906000000000015,True
CHEMBL4083764,Inactive,6.549750891680639,O=C(N[C@H]1CC[C@H](O)CC1)[C@@H]1NC2(CCOCC2)[C@@]2(C(=O)Nc3cc(Cl)ccc32)[C@H]1c1cccc(Cl)c1F,561.1597400200001,5,4,4.046900000000002,True
CHEMBL4084366,Active,8.154901959985743,O=C(N[C@H]1C[C@H](C(=O)O)C1)[C@@H]1NC2(CCCCC2)[C@@]2(C(=O)Nc3cc(Cl)ccc32)[C@H]1c1cccc(Cl)c1F,559.144089956,4,4,4.760300000000003,True
CHEMBL3220114,Inactive,4.769551078621726,O=C(O)/C=C/c1cc(-c2ccccc2)n(-c2ccc(Cl)cc2)c1-c1ccccc1,399.10260649599996,2,1,6.562500000000004,True
CHEMBL3693972,Active,8.0268721464003,O=C(O)CCCNC(=O)[C@@H]1NC2(CCCCC2)[C@@]2(C(=O)Nc3cc(Cl)ccc32)[C@H]1c1cccc(Cl)c1F,547.144089956,4,4,4.761900000000003,True
CHEMBL2347391,Inactive,5.0835460514500745,O=C(O)CC[C@@H]1O[C@@H](c2cccc(Cl)c2)[C@@H](c2ccc(Cl)cc2)N(CC2CC2)C1=O,447.10041357600005,3,1,5.278000000000005,True
CHEMBL3693982,Active,7.721246399047171,O=C(O)CN1CCC(NC(=O)[C@@H]2NC3(CCCCC3)[C@@]3(C(=O)Nc4cc(Cl)ccc43)[C@H]2c2cccc(Cl)c2F)CC1,602.186289116,5,4,4.446100000000004,True
CHEMBL2059299,Inactive,4.972650392225243,O=C(O)C[C@@H]1C[C@@H](c2cccc(Cl)c2)[C@@H](c2ccc(Cl)cc2)N(CC2CC2)C1=O,431.105498956,2,1,5.551500000000004,True
CHEMBL2347379,Inactive,5.091514981121351,O=C(O)C[C@@H]1C[C@@H](c2cccc(Cl)c2)[C@H](c2ccc(Cl)cc2)N(CC2CC2)C1=O,431.105498956,2,1,5.551500000000004,True
CHEMBL2177203,Inactive,5.0773264321414455,O=C(O)C[C@@H]1C[C@H](c2cccc(Cl)c2)[C@@H](c2ccc(Cl)cc2)N(CC2CC2)C1=O,431.105498956,2,1,5.551500000000004,True
CHEMBL2347389,Inactive,5.086186147616283,O=C(O)C[C@@H]1O[C@@H](c2cccc(Cl)c2)[C@@H](c2ccc(Cl)cc2)N(CC2CC2)C1=O,433.08476351200005,3,1,4.887900000000005,True
CHEMBL2347377,Inactive,5.216096420727265,O=C(O)C[C@@H]1O[C@H](c2cccc(Cl)c2)[C@@H](c2ccc(Cl)cc2)N(CC2CC2)C1=O,433.08476351200005,3,1,4.887900000000005,True
CHEMBL2347378,Inactive,4.818156412055227,O=C(O)C[C@H]1C[C@@H](c2cccc(Cl)c2)[C@H](c2ccc(Cl)cc2)N(CC2CC2)C1=O,431.105498956,2,1,5.551500000000004,True
CHEMBL2177813,Inactive,5.357970981804577,O=C(O)C[C@H]1C[C@H](c2cccc(Cl)c2)[C@@H](c2ccc(Cl)cc2)N(CC2CC2)C1=O,431.105498956,2,1,5.551500000000004,True
CHEMBL2347376,Inactive,5.134896025358872,O=C(O)C[C@H]1O[C@H](c2cccc(Cl)c2)[C@@H](c2ccc(Cl)cc2)N(CC2CC2)C1=O,433.08476351200005,3,1,4.887900000000005,True
CHEMBL2347392,Inactive,5.130768280269024,O=C(O)C[C@H]1O[C@H](c2cccc(Cl)c2)[C@H](c2ccc(Cl)cc2)N(CC2CC2)C1=O,433.08476351200005,3,1,4.887900000000005,True
CHEMBL3260809,Inactive,6.920818753952375,O=C(O)c1nc(-c2ccccc2)n(-c2cccc(Cl)c2)c1-c1cccc(Cl)c1,408.043233048,3,1,6.211300000000003,True
CHEMBL3260813,Active,8.522878745280337,O=C(O)c1nc(-c2ccccc2)n(-c2cccc(Cl)c2F)c1-c1ccc(F)c(Cl)c1,444.024389424,3,1,6.489500000000002,True
CHEMBL3260811,Active,8.154901959985743,O=C(O)c1nc(-c2ccccc2)n(-c2cccc(Cl)c2F)c1-c1cccc(Cl)c1,426.033811236,3,1,6.350400000000003,True
CHEMBL3260814,Active,8.397940008672037,O=C(O)c1nc(C2CCCCC2)n(-c2cccc(Cl)c2F)c1-c1ccc(F)c(Cl)c1,450.071339616,3,1,6.870200000000004,True
CHEMBL3139629,Inactive,5.638272163982407,O=C(c1cnccc1C(F)(F)F)N1CCCC(Oc2ccc(C(F)(F)F)cc2)(C(=O)N2CCN(c3ccccn3)CC2)C1,607.201809044,6,0,4.916800000000005,True
CHEMBL3219402,Inactive,4.581698708680254,O=C1C(O)=C(c2ccccc2)C(c2ccc(Cl)cc2)N1Cc1ccc(Cl)cc1,409.06363414400005,2,1,6.046200000000005,True
CHEMBL3675216,Inactive,5.55129368009492,O=C1C2=C(CCCC2)C(O)(c2ccc(Cl)cc2)N1Cc1ccc([N+](=O)[O-])cc1,398.10333476799997,4,1,4.306300000000003,True
CHEMBL8320,Inactive,4.856985199745905,O=C1C=CC(=O)C=C1,108.021129368,2,0,0.25059999999999993,True
CHEMBL2152322,Inactive,5.022276394711152,O=C1CN(C(=O)C2=C(C3CC3)N3C(=N[C@@H](c4ccc(Cl)cc4)[C@H]3c3ccc(Cl)cc3)S2)CCN1,512.084052304,5,1,4.774200000000005,True
CHEMBL2347385,Inactive,5.7447274948966935,O=C1CO[C@@H](c2cccc(Cl)c2)[C@@H](c2ccc(Cl)cc2)N1CC1CC1,375.07928420800005,2,0,5.044600000000004,True
CHEMBL3220097,Inactive,6.522878745280337,O=C1NC(=O)C(=Cc2cc(-c3ccccc3)n(-c3ccc(Cl)cc3)c2-c2ccccc2)C(=O)N1,467.103669116,4,2,5.214100000000004,True
CHEMBL3220103,Inactive,6.823908740944319,O=C1NC(=O)C(=Cc2cc(-c3ccccc3)n(-c3ccc([N+](=O)[O-])cc3)c2-c2ccccc2)C(=O)N1,478.12771967599997,6,2,4.468900000000003,True
CHEMBL3220118,Inactive,5.795880017344075,O=C1NC(=S)NC(=O)C1=Cc1cc(-c2ccccc2)n(-c2ccc(Br)cc2)c1C1CC1,491.030309916,4,2,4.698500000000003,True
CHEMBL3220088,Inactive,6.958607314841775,O=C1NC(=S)NC(=O)C1=Cc1cc(-c2ccccc2)n(-c2ccc(Cl)cc2)c1-c1ccccc1,483.08082549600005,4,2,5.379000000000004,True
CHEMBL3220117,Inactive,5.795880017344075,O=C1NC(=S)NC(=O)C1=Cc1cc(-c2ccccc2)n(-c2ccc(Cl)cc2)c1C1CC1,447.08082549600005,4,2,4.589400000000003,True
CHEMBL3217780,Inactive,6.769551078621726,O=C1NC(=S)NC(=O)C1=Cc1cc(-c2ccccc2)n(-c2ccc([N+](=O)[O-])cc2)c1-c1ccccc1,494.104876056,6,2,4.633800000000003,True
CHEMBL3220310,Inactive,5.657577319177793,O=C1NC(=S)NC(=O)C1=Cc1cc(C2CC2)n(-c2ccc(Br)cc2)c1-c1ccccc1,491.030309916,4,2,4.698500000000003,True
CHEMBL3220309,Inactive,5.6777807052660805,O=C1NC(=S)NC(=O)C1=Cc1cc(C2CC2)n(-c2ccc(Cl)cc2)c1-c1ccccc1,447.080825496,4,2,4.589400000000003,True
CHEMBL4437666,Active,8.920818753952375,O=C1Nc2cc(Cl)ccc2[C@@]1(Cc1cccc(Cl)c1)Nc1c(F)cccc1F,418.045124868,2,2,5.773800000000003,True
CHEMBL2347388,Inactive,5.11690664142431,O=C1[C@H](CCO)O[C@@H](c2cccc(Cl)c2)[C@@H](c2ccc(Cl)cc2)N1CC1CC1,419.1054989560001,3,1,4.795600000000005,True
CHEMBL3675221,Inactive,5.342944147142896,O=C1c2c(Cl)cccc2C(O)(c2ccc(Cl)cc2)N1Cc1ccc([N+](=O)[O-])cc1,428.033062288,4,1,4.751000000000003,True
CHEMBL3675218,Inactive,5.270025714300444,O=C1c2cc(Br)ccc2C(O)(c2ccc(Cl)cc2)N1Cc1ccc([N+](=O)[O-])cc1,471.98254670800003,4,1,4.860100000000003,True
CHEMBL3675212,Inactive,5.284832642151542,O=C1c2cc(F)ccc2C(O)(c2ccc(Cl)cc2)N1Cc1ccc([N+](=O)[O-])cc1,412.062612828,4,1,4.2367000000000035,True
CHEMBL1834379,Inactive,6.069560405233299,O=C1c2cc(F)ccc2C(OCC2(CO)CC2)(c2ccc(Cl)cc2)N1Cc1ccc([N+](=O)[O-])cc1,496.12012770399997,5,1,5.0335000000000045,True
CHEMBL3675219,Inactive,5.245651664288981,O=C1c2ccc(Br)cc2C(O)(c2ccc(Cl)cc2)N1Cc1ccc([N+](=O)[O-])cc1,471.98254670800003,4,1,4.860100000000003,True
CHEMBL3675211,Inactive,5.424812155072339,O=C1c2ccc(F)cc2C(O)(c2ccc(Cl)cc2)N1Cc1ccc([N+](=O)[O-])cc1,412.062612828,4,1,4.2367000000000035,True
CHEMBL1834374,Inactive,6.530177984021837,O=C1c2ccc(F)cc2C(OCC2(CO)CC2)(c2ccc(Cl)cc2)N1Cc1ccc([N+](=O)[O-])cc1,496.12012770399997,5,1,5.0335000000000045,True
CHEMBL3675215,Inactive,6.072116589669293,O=C1c2cccc(Cl)c2C(O)(c2ccc(Cl)cc2)N1Cc1ccc(Br)cc1,460.95849614800005,2,1,5.605300000000004,True
CHEMBL3675210,Inactive,6.292429823902063,O=C1c2cccc(Cl)c2C(O)(c2ccc(Cl)cc2)N1Cc1ccc([N+](=O)[O-])cc1,428.033062288,4,1,4.751000000000003,True
CHEMBL1688147,Inactive,5.508638306165727,O=C1c2ccccc2C(O)(c2ccc(Br)cc2)N1Cc1ccc([N+](=O)[O-])cc1,438.02151906,4,1,4.206700000000003,True
CHEMBL1688150,Inactive,5.207608310501746,O=C1c2ccccc2C(O)(c2ccc(Cl)cc2)N1CCc1ccc([N+](=O)[O-])cc1,408.08768470399997,4,1,4.140100000000003,True
CHEMBL1688149,Inactive,5.142667503568732,O=C1c2ccccc2C(O)(c2ccc(Cl)cc2)N1CCc1ccccc1,363.10260649599996,2,1,4.231900000000003,True
CHEMBL1688140,Inactive,5.346787486224656,O=C1c2ccccc2C(O)(c2ccc(Cl)cc2)N1Cc1ccc(Br)cc1,426.9974685,2,1,4.951900000000002,True
CHEMBL1688139,Inactive,5.376750709602099,O=C1c2ccccc2C(O)(c2ccc(Cl)cc2)N1Cc1ccc(Cl)cc1,383.04798408,2,1,4.842800000000002,True
CHEMBL1688146,Inactive,5.619788758288394,O=C1c2ccccc2C(O)(c2ccc(Cl)cc2)N1Cc1ccc([N+](=O)[O-])cc1,394.07203463999997,4,1,4.097600000000003,True
CHEMBL1688148,Inactive,4.267606240177032,O=C1c2ccccc2C(O)(c2ccc(Cl)cc2)N1Cc1cccc([N+](=O)[O-])c1,394.07203463999997,4,1,4.097600000000003,True
CHEMBL1688152,Inactive,4.145693958198919,O=C1c2ccccc2C(O)(c2ccc(Cl)cc2)N1Cc1cccc2ccccc12,399.10260649599996,2,1,5.342600000000004,True
CHEMBL1688137,Inactive,4.130768280269024,O=C1c2ccccc2C(O)(c2ccc(Cl)cc2)N1Cc1ccccc1,349.08695643199997,2,1,4.189400000000003,True
CHEMBL1688145,Inactive,5.023191662661934,O=C1c2ccccc2C(O)(c2ccc(F)cc2)N1Cc1ccc([N+](=O)[O-])cc1,378.10158518000003,4,1,3.583300000000002,True
CHEMBL1688144,Inactive,4.060480747381382,O=C1c2ccccc2C(O)(c2ccccc2)N1Cc1ccc([N+](=O)[O-])cc1,360.111006992,4,1,3.444200000000002,True
CHEMBL3675200,Inactive,6.392544976785332,O=C1c2ccccc2C(OC/C=C/CO)(c2ccc(Cl)cc2)N1Cc1ccc([N+](=O)[O-])cc1,464.11389945200006,5,1,4.670400000000003,True
CHEMBL1688258,Inactive,6.396855627379818,O=C1c2ccccc2C(OC/C=C\CO)(c2ccc(Cl)cc2)N1Cc1ccc([N+](=O)[O-])cc1,464.11389945200006,5,1,4.670400000000003,True
CHEMBL1688251,Inactive,6.154901959985743,O=C1c2ccccc2C(OC2CCC(O)C2)(c2ccc(Cl)cc2)N1Cc1ccc([N+](=O)[O-])cc1,478.12954951600005,5,1,5.035300000000004,True
CHEMBL1688170,Inactive,5.522878745280337,O=C1c2ccccc2C(OC2CCC(O)C2)(c2ccc(Cl)cc2)N1Cc1ccccc1,433.14447130800005,3,1,5.127100000000004,True
CHEMBL3928363,Inactive,6.411168274405792,O=C1c2ccccc2C(OC2CCC(O)CC2)(c2ccc(Cl)cc2)N1Cc1ccc([N+](=O)[O-])cc1,492.14519958,5,1,5.425400000000005,True
CHEMBL1688271,Inactive,6.181774106386045,O=C1c2ccccc2C(OCC#CCO)(c2ccc(Cl)cc2)N1Cc1ccc([N+](=O)[O-])cc1,462.09824938800006,5,1,4.117600000000003,True
CHEMBL1688279,Inactive,5.637329070274333,O=C1c2ccccc2C(OCC2(CO)CC2)(c2ccc(Cl)cc2)N1Cc1ccc(Cl)cc1,467.1054989560001,3,1,5.639600000000004,True
CHEMBL1688278,Inactive,5.585026652029182,O=C1c2ccccc2C(OCC2(CO)CC2)(c2ccc(Cl)cc2)N1Cc1ccc(F)cc1,451.1350494960001,3,1,5.125300000000004,True
CHEMBL1688274,Inactive,6.578396073130169,O=C1c2ccccc2C(OCC2(CO)CC2)(c2ccc(Cl)cc2)N1Cc1ccc([N+](=O)[O-])cc1,478.12954951600005,5,1,4.8944000000000045,True
CHEMBL1688286,Inactive,4.309803919971486,O=C1c2ccccc2C(OCC2(CO)CC2)(c2ccc(Cl)cc2)N1Cc1cccc2ccccc12,483.16012137200005,3,1,6.139400000000006,True
CHEMBL1688300,Inactive,4.481486060122112,O=C1c2ccccc2C(OCC2(CO)CC2)(c2ccc(Cl)cc2)N1Cc1cccc[n+]1[O-],450.1346348960001,4,1,3.619600000000003,True
CHEMBL1688297,Inactive,4.966576244513051,O=C1c2ccccc2C(OCC2(CO)CC2)(c2ccc(Cl)cc2)N1Cc1ccccn1,434.1397202760001,4,1,4.381200000000004,True
CHEMBL1688296,Inactive,4.537602002101044,O=C1c2ccccc2C(OCC2(CO)CC2)(c2ccc(Cl)cc2)N1Cc1cccnc1,434.1397202760001,4,1,4.381200000000003,True
CHEMBL1688295,Inactive,3.598599459218456,O=C1c2ccccc2C(OCC2(CO)CC2)(c2ccc(Cl)cc2)N1Cc1ccncc1,434.1397202760001,4,1,4.381200000000003,True
CHEMBL3675227,Inactive,5.568636235841013,O=C1c2ccccc2C(OCC2(CO)CC2)(c2ccc(F)cc2)N1Cc1ccc([N+](=O)[O-])cc1,462.159100056,5,1,4.380100000000004,True
CHEMBL3675222,Inactive,5.080921907623926,O=C1c2ccccc2C(OCC2(CO)CC2)(c2ccccc2)N1Cc1ccc([N+](=O)[O-])cc1,444.16852186799997,5,1,4.241000000000004,True
CHEMBL1688264,Inactive,5.494850021680094,O=C1c2ccccc2C(OCCCCO)(c2ccc(Cl)cc2)N1CCc1ccc([N+](=O)[O-])cc1,480.14519958000005,5,1,4.936900000000005,True
CHEMBL1688260,Inactive,6.443697499232712,O=C1c2ccccc2C(OCCCCO)(c2ccc(Cl)cc2)N1Cc1ccc([N+](=O)[O-])cc1,466.12954951600005,5,1,4.8944000000000045,True
CHEMBL1688265,Inactive,5.853871964321762,O=C1c2ccccc2C(OCCCO)(c2ccc(Br)cc2)N1Cc1ccc([N+](=O)[O-])cc1,496.06338387200003,5,1,4.613400000000004,True
CHEMBL1688259,Inactive,6.346787486224656,O=C1c2ccccc2C(OCCCO)(c2ccc(Cl)cc2)N1Cc1ccc([N+](=O)[O-])cc1,452.11389945200006,5,1,4.504300000000003,True
CHEMBL1688276,Inactive,6.511449283499556,O=C1c2ccccc2C(O[C@@H]2C=C[C@@H](O)CC2)(c2ccc(Cl)cc2)N1Cc1ccc([N+](=O)[O-])cc1,490.129549516,5,1,5.201400000000005,True
CHEMBL1688255,Inactive,5.823908740944319,O=C1c2ccccc2C(O[C@H]2C=C[C@@H](O)C2)(c2ccc(Cl)cc2)N1Cc1ccc(Cl)cc1,465.0898488920001,3,1,5.556500000000005,True
CHEMBL1688257,Inactive,5.782516055786093,O=C1c2ccccc2C(O[C@H]2C=C[C@@H](O)C2)(c2ccc(Cl)cc2)N1Cc1ccc([N+](=O)[O-])cc1,476.11389945200006,5,1,4.811300000000004,True
CHEMBL1688254,Inactive,5.455931955649724,O=C1c2ccccc2C(O[C@H]2C=C[C@@H](O)C2)(c2ccc(Cl)cc2)N1Cc1ccccc1,431.12882124400005,3,1,4.903100000000004,True
CHEMBL1688252,Inactive,6.3979400086720375,O=C1c2ccccc2C(O[C@H]2CC[C@@H](O)C2)(c2ccc(Cl)cc2)N1Cc1ccc([N+](=O)[O-])cc1,478.12954951600005,5,1,5.035300000000004,True
CHEMBL1688275,Inactive,6.4089353929735005,O=C1c2ccccc2C(O[C@H]2CC[C@H](O)CC2)(c2ccc(Cl)cc2)N1Cc1ccc([N+](=O)[O-])cc1,492.14519958,5,1,5.425400000000005,True
CHEMBL1688304,Inactive,5.886056647693163,O=C1c2ccccc2[C@@](OCC2(CO)CC2)(c2ccc(Cl)cc2)N1Cc1ccc([N+](=O)[O-])cc1,478.12954951600005,5,1,4.8944000000000045,True
CHEMBL1688303,Inactive,6.769551078621726,O=C1c2ccccc2[C@](OCC2(CO)CC2)(c2ccc(Cl)cc2)N1Cc1ccc([N+](=O)[O-])cc1,478.12954951600005,5,1,4.8944000000000045,True
CHEMBL3675228,Inactive,4.468521082957745,O=Nc1ccc(CN2C(=O)c3ccc(F)c(Cl)c3C2(O)c2ccc(Cl)cc2)cc1,430.028725856,4,1,5.379800000000005,True
CHEMBL2440442,Inactive,4.97061622231479,O=c1nc2n(-c3ccc(Cl)c(Cl)c3)c3c(C(F)(F)F)cccc3cc-2c(=O)[nH]1,424.99456651599996,4,1,4.504400000000001,True
CHEMBL2443382,Inactive,4.305394801066432,O=c1nc2n(-c3ccc(Cl)cc3)c3c(Br)cccc3cc-2c(=O)[nH]1,400.956666308,4,1,3.5947000000000022,True
CHEMBL2440444,Inactive,4.924453038607469,O=c1nc2n(-c3ccc(Cl)cc3)c3c(C(F)(F)F)cccc3cc-2c(=O)[nH]1,391.03353886800005,4,1,3.8510000000000018,True
CHEMBL2443387,Inactive,4.823908740944319,O=c1nc2n(-c3ccc(Cl)cc3)c3c(Cl)cccc3cc-2c(=O)[nH]1,357.007181888,4,1,3.4856000000000016,True
CHEMBL223723,Inactive,4.882728704344236,O=c1nc2n(-c3ccc(F)cc3)c3c(C(F)(F)F)cccc3cc-2c(=O)[nH]1,375.063089408,4,1,3.336700000000002,True
CHEMBL2440443,Inactive,5.823908740944319,O=c1nc2n(-c3cccc(Cl)c3)c3c(C(F)(F)F)cccc3cc-2c(=O)[nH]1,391.03353886800005,4,1,3.8510000000000018,True
CHEMBL2443392,Inactive,4.910094888560602,O=c1nc2n(-c3cccc(F)c3)c3c(C(F)(F)F)cccc3cc-2c(=O)[nH]1,375.063089408,4,1,3.336700000000002,True
CHEMBL2440448,Inactive,4.756961951313706,O=c1nc2n(-c3ccccc3)c3c(C(F)(F)F)cccc3cc-2c(=O)[nH]1,357.07251121999997,4,1,3.1976000000000013,True
CHEMBL225454,Inactive,4.707743928643524,O=c1nc2n(-c3ccccc3F)c3c(C(F)(F)F)cccc3cc-2c(=O)[nH]1,375.063089408,4,1,3.336700000000002,True
CHEMBL3220110,Inactive,5.537602002101044,OCC(=Cc1cc(-c2ccccc2)n(-c2ccc(Cl)cc2)c1-c1ccccc1)CO,415.13390662399996,3,2,5.832700000000005,True
CHEMBL3703657,Inactive,4.356547323513812,Oc1c(C(Nc2ccc(C(F)(F)F)nc2)c2cc(C(F)(F)F)ccc2Cl)ccc2cccnc12,497.072959068,4,2,7.227900000000003,True
CHEMBL3703654,Inactive,4.920818753952375,Oc1c(C(Nc2ccc(Cl)cn2)c2ccc(C(F)(F)F)cc2)ccc2cccnc12,429.0855744400001,4,2,6.209100000000003,True
CHEMBL3703658,Inactive,5.096910013008056,Oc1c(C(Nc2ccc(Cl)cn2)c2ccc(Cl)c(C(F)(F)F)c2)ccc2cccnc12,463.046602088,4,2,6.8625000000000025,True
CHEMBL3703655,Inactive,5.045757490560675,Oc1c(C(Nc2ccc(Cl)cn2)c2ccc(Cl)c(Cl)c2)ccc2cccnc12,429.020245108,4,2,6.497100000000002,True
CHEMBL3703659,Inactive,5.096910013008056,Oc1c(C(Nc2ccc(F)cn2)c2c(F)c(F)cc(F)c2F)ccc2cccnc12,417.090053104,4,2,5.232400000000001,True
CHEMBL3640025,Inactive,5.045757490560675,Oc1c(C(Nc2ccc(F)cn2)c2ccc(Cl)c(Cl)c2)ccc2cccnc12,413.049795648,4,2,5.982800000000003,True
CHEMBL3703662,Inactive,5.0,Oc1c(C(Nc2ccc(F)cn2)c2ccc(F)cc2Cl)ccc2cccnc12,397.07934618800005,4,2,5.4685000000000015,True
CHEMBL3703652,Inactive,5.1249387366083,Oc1c(C(Nc2ccccn2)c2cc(Cl)ccc2Cl)ccc2cccnc12,395.05921746,4,2,5.843700000000003,True
CHEMBL548572,Inactive,5.130768280269024,Oc1c(C(Nc2ccccn2)c2ccc(Cl)cc2Cl)ccc2cccnc12,395.05921746,4,2,5.843700000000003,True
CHEMBL2094875,Inactive,4.7447274948966935,Oc1c(C(Nc2ccccn2)c2ccccc2Cl)ccc2cccnc12,361.09818981200004,4,2,5.190300000000003,True
CHEMBL1688559,Inactive,4.7447274948966935,Oc1c(C(Nc2cccnc2)c2ccc(C(F)(F)F)cc2)ccc2cccnc12,395.124546792,4,2,5.555700000000003,True
CHEMBL3703676,Inactive,5.823908740944319,Oc1c(C(Nc2cccnc2)c2cccs2)ccc2cccnc12,333.09358310000005,5,2,4.598400000000003,True
CHEMBL3653199,Active,9.568636235841012,[C-]#[N+]c1ccc(C2c3c(nc(-c4cnc(N(C)C)nc4OC)n3C(C)C)C(=O)N2c2cc(Cl)c(=O)n(C)c2)cc1,558.189464404,9,0,4.648290000000005,True
CHEMBL3653201,Active,8.530177984021837,[C-]#[N+]c1ccc(C2c3c(nc(-c4cnc(N)nc4OC)n3C(C)C)C(=O)N2c2cc(Cl)c(=O)n(C)c2)cc1,530.158164276,9,1,4.164490000000004,True
CHEMBL3653200,Active,9.221848749616356,[C-]#[N+]c1ccc(C2c3c(nc(-c4cnc(NC)nc4OC)n3C(C)C)C(=O)N2c2cc(Cl)c(=O)n(C)c2)cc1,544.17381434,9,1,4.6239900000000045,True
CHEMBL3639906,Active,8.391687957302674,[C-]#[N+]c1ccc(C2c3c(nn(-c4cnc(OC)nc4OC)c3C(C)C)C(=O)N2c2cc(Cl)c(=O)n(C)c2)c(F)c1,563.1484081159999,9,0,4.594690000000004,True
CHEMBL3691785,Active,7.987162775294828,[C-]#[N+]c1ccc(C2c3c(nn(-c4cnc(OC)nc4OC)c3C(C)C)C(=O)N2c2cc(Cl)cn(C)c2=O)c(F)c1,563.1484081159999,9,0,4.594690000000004,True
CHEMBL3691784,Active,8.888737486340935,[C-]#[N+]c1ccc(C2c3c(nn(-c4cnc(OC)nc4OC)c3C(C)C)C(=O)N2c2cc(Cl)cn(C)c2=O)cc1F,563.1484081159999,9,0,4.594690000000004,True
